,text,favourite_count,retweet_count,created_at
0,"RT @armyspoke_news: https://t.co/e7SMFWt5bY

üöçRTA has transported 13,227 cases of COVID-19 patients and the deceased in the Bangkok Metropo‚Ä¶",0,334,2021-08-02 23:59:59
1,"Increasing cases of coronavirus in children are to be expected as the number of people testing positive for COVID-19 increases, a university panel of discussion heard.

https://t.co/4IPkokkL0n 

#Fiji #FijiNews",0,0,2021-08-02 23:59:59
2,New Podcast: U.S. airlines are maintaining their bullish recovery outlooks even as Covid-19 Delta variant cases jump and mask requirements make a comeback. Is this really realistic? https://t.co/1anjUsfMK5,0,0,2021-08-02 23:59:59
3,"RT @Reuters: Republican Senator Lindsey Graham announced that he has tested positive for COVID-19 despite being vaccinated, saying that he‚Ä¶",0,42,2021-08-02 23:59:59
4,RT @ChuckCallesto: BREAKING REPORT:  74% of Covid-19 Cases in ‚ÄúCape Cod Cluster Outbreak‚Äù Were Fully Vaccinated...,0,2700,2021-08-02 23:59:59
5,Lindsey Graham tests positive for the coronavirus after meeting senators without masks https://t.co/vGLkrouBMT,0,0,2021-08-02 23:59:59
6,"RT @SethAbramson: BUSINESS INSIDER: Senator Ron Johnson (R-WI) Would Support Vaccine Mandate for An ""Incredibly Deadly"" Virus‚ÄîBut Not COVID‚Ä¶",0,514,2021-08-02 23:59:59
7,"RT @AnaCabrera: NEW: Kaiser Permanente, one of the nation‚Äôs largest health care providers, will require all of its physicians and employees‚Ä¶",0,3885,2021-08-02 23:59:58
8,Lindsey Graham tests positive for COVID-19 https://t.co/L4HD1ILwBO,0,0,2021-08-02 23:59:58
9,"RT @seanparnell: #update Qld is reporting 16 new community-acquired cases of COVID-19, all linked to existing cluster and numerous schools.‚Ä¶",0,14,2021-08-02 23:59:58
10,"RT @eileeniorio: üö®CDC ADMITS mRNA-BASED COVID-19 VACCINES CAUSE MYOCARDITIS in 12-17 yosüö®

But SAEs are dismissed by those who use 9m vaxed‚Ä¶",0,482,2021-08-02 23:59:58
11,"@JakeLobin I don‚Äôt know- given COVID-19, the original name may fit better",1,0,2021-08-02 23:59:58
12,RT @joncoopertweets: U.S. finally reaches milestone set by President Biden of 70% of adults with at least one COVID-19 shot https://t.co/Ol‚Ä¶,0,112,2021-08-02 23:59:58
13,@NicholasFiumar1 @BBCBreaking @cnnbrk @WNYC @NPRHealth @CBSNews @CBSPhilly @CBSLA @CalSunday @CDC_eHealth @CDCemergency @CDCgov @CDCFlu @NewYorkStateAG @BarackObama @VP @congressdotgov Great! https://t.co/k3O0ZUHzkX hopefully fda approves it! Good luck,0,0,2021-08-02 23:59:58
14,"RT @CNNPolitics: Top RNC official in Florida spreads Covid-19 conspiracies, calling vaccines the ""mark of the beast"" https://t.co/1RO8O4PyBA",0,390,2021-08-02 23:59:57
15,RT @ChuckCallesto: BREAKING REPORT:  74% of Covid-19 Cases in ‚ÄúCape Cod Cluster Outbreak‚Äù Were Fully Vaccinated...,0,2700,2021-08-02 23:59:57
16,"Vaccinated #Canadians who wish to travel:

Are you worried your COVID-19 vaccine won't be accepted abroad? 

as of posting, @GovCanHealth says: 
""Canadians are reminded to avoid non-essential travel outside of Canada‚Äù 

https://t.co/fE8joFOCfp

by @sophiaharrisCBC for @CBCNews",0,0,2021-08-02 23:59:57
17,RT @ChuckCallesto: BREAKING REPORT:  74% of Covid-19 Cases in ‚ÄúCape Cod Cluster Outbreak‚Äù Were Fully Vaccinated...,0,2700,2021-08-02 23:59:57
18,RT @BNODesk: NEW: Germany to offer third dose of COVID-19 vaccine to high-risk groups,0,609,2021-08-02 23:59:57
19,"RT @myfriendLiz: @TweetsPamela @davegreenidge57 @GovRonDeSantis The data referred to in this EO are all from the wild type, including: 
""Wh‚Ä¶",0,1,2021-08-02 23:59:57
20,"2/2 Among initial steps, the @CDC recommends that a person who is fully vaccinated and exposed to COVID-19, get tested w/in three to five days after exposure, even if the person isn't experiencing symptoms. 

#StopTheSpread #InItTogether #CovidPrecautions

https://t.co/fFvKVmrklo https://t.co/0SgryWAFtw",4,0,2021-08-02 23:59:56
21,Important thread with compilation of local news reporting on how Covid-19 affected pregnant women In Indonesia since 2020. https://t.co/L3HyRCDekO,30,14,2021-08-02 23:59:56
22,"RT @hkfp: [Recap] Covid-19: Gov‚Äôt extends vaccination order for more groups of workers despite 56-day streak of zero local cases

https://t‚Ä¶",0,9,2021-08-02 23:59:56
23,"RT @AnaCabrera: NEW: Kaiser Permanente, one of the nation‚Äôs largest health care providers, will require all of its physicians and employees‚Ä¶",0,3885,2021-08-02 23:59:56
24,"RT @GeenaJagger: American College of Obstetricians &amp;Gynecology, and the Society of Maternal Fetal Medicine now recommend pregnant women rec‚Ä¶",0,16,2021-08-02 23:59:56
25,RT @gemdrgn1: Kaiser Permanente mandating COVID-19 vaccine for employees and physicians https://t.co/J1s1uVYV0I via @abc7,0,1,2021-08-02 23:59:55
26,"RT @AnaCabrera: NEW: Kaiser Permanente, one of the nation‚Äôs largest health care providers, will require all of its physicians and employees‚Ä¶",0,3885,2021-08-02 23:59:55
27,"RT @lizlibra1009: Hey @RonDeSantisFL there‚Äôs 9 new COVID-19 admissions on the Pediatric unit I‚Äôm working at today! But, tell me how you wan‚Ä¶",0,872,2021-08-02 23:59:55
28,"#whatishappeninginthailand
The Department of Disease Control (DDC) has asked people to wear face masks both at home and in public while also urging them to use two masks in crowded areas to combat the highly contagious Delta variant of Covid-19.
https://t.co/BqGj1V4Ljb",7,6,2021-08-02 23:59:55
29,RT @ABC17News: More than 99.99% of people fully vaccinated against Covid-19 have not had a breakthrough case resulting in hospitalization o‚Ä¶,0,8,2021-08-02 23:59:55
30,Deputy QLD Premier Steven Miles is providing a COVID-19 update alongside state health officials after south-east Queensland's lockdown was extended. https://t.co/7TJ5L9O3Sg,19,7,2021-08-02 23:59:54
31,"A worker at the Gentry Mountain Mine in central Utah was killed in a flash flood Sunday. According to the Emery County Sheriff‚Äôs Office, the flood in Bear Canyon hit three mine vehicles.  https://t.co/ySbfgaBIrY",0,0,2021-08-02 23:59:54
32,Effect of Ivermectin on Time to Resolution of Symptoms Among Adults With Mild COVID-19 https://t.co/Wi5Ba9qiRs via @JAMA_current part of @JAMANetwork https://t.co/FKj7OpE8XP,2,0,2021-08-02 23:59:54
33,"RT @DisabilityEmplt: The Australian Government still doesn‚Äôt know how many people with disabilities have contracted COVID-19, despite the r‚Ä¶",0,2,2021-08-02 23:59:54
34,"@MRF_1989 The internet says it‚Äôs fake but‚Ä¶. Who knows

https://t.co/7O6wL7rjGI",0,0,2021-08-02 23:59:54
35,"If the ball goes to the gallery, it will not come back due to extra protection for Covid-19. Have Australia really come to play cricket? Looks like they're from another planet. This is so absurb behavior.!  #BANvAUS",13,0,2021-08-02 23:59:54
36,"https://t.co/fWsx6T2fvv This couldn't have happened to a nicer, more compassionate, more honest and more God-fearing Senator! I guess we will find out if God is on his side.",0,0,2021-08-02 23:59:53
37,RT @AmericaDialogue: Hundreds of people have staged a protest in North Carolina over Atrium Health's recent announcement that all employees‚Ä¶,0,25,2021-08-02 23:59:53
38,"THE HIDDEN DANGERS OF LOCKDOWNS

There have mainly been several reports of increased rodent activity during the pandemic as pests adapt to decreased public activity and search for new food sources.

p: 1800 819 189

w: https://t.co/5LZvJQwfRX

#pestcontrol #pestcontrolblog #ratc",0,0,2021-08-02 23:59:53
39,RT @tomaskenn: This is insane. While hospitals in Orlando are overwhelmed with people hospitalized due to Covid-19 and Florida still leadin‚Ä¶,0,157,2021-08-02 23:59:53
40,"RT @JeremeBender: We have a delta variant of covid 19 so let's just keep the boarders open for all the variants of covid 19 can get in!!

W‚Ä¶",0,43,2021-08-02 23:59:53
41,"RT @TheInsiderPaper: ALERT - Top editor at the New York Times instructed Times staffers not to investigate the origins of COVID-19, two Tim‚Ä¶",0,569,2021-08-02 23:59:53
42,"RT @NewsHour: Lindsey Graham becomes the first senator to disclose a breakthrough infection after being vaccinated against COVID-19, saying‚Ä¶",0,20,2021-08-02 23:59:53
43,RT @ChuckCallesto: BREAKING REPORT:  74% of Covid-19 Cases in ‚ÄúCape Cod Cluster Outbreak‚Äù Were Fully Vaccinated...,0,2700,2021-08-02 23:59:53
44,"RT @ron_begone: Ron DeSantis is actively concealing COVID-19 data from the public. 

It‚Äôs time to fire Ron. #RonBeGone",0,403,2021-08-02 23:59:52
45,"RT @mmpadellan: BREAKING: Senator Lindsey Graham has tested positive for COVID-19.

Still testing negative for spine, tho.",0,6425,2021-08-02 23:59:52
46,"RT @CanNews24: U of T to require COVID-19 vaccines for ""high risk"" extracurriculars https://t.co/WbuQyqaQ25",0,1,2021-08-02 23:59:51
47,RT @benitakolovos: Premier Daniel Andrews on rapid COVID-19 testing: ‚ÄúI won‚Äôt be taking advice from people on the front steps of parliament‚Ä¶,0,278,2021-08-02 23:59:51
48,"RT @tomaskenn: It's wild that while Florida is leading nationwide in Covid-19 cases, hospitalizations, and deaths, Ron Desantis threatens t‚Ä¶",0,217,2021-08-02 23:59:51
49,"RT @SenDuckworth: COVID-19 is not a hoax.

It‚Äôs not political.

The Delta variant is real, deadly and spreading like wildfire.

Get vaccina‚Ä¶",0,1106,2021-08-02 23:59:50
50,"RT @AaronParnas: While Ron DeSantis has gone silent, @NikkiFried is giving daily briefings on COVID-19 and the status of the pandemic in Fl‚Ä¶",0,2417,2021-08-02 23:59:50
51,RT @ChuckCallesto: BREAKING REPORT:  74% of Covid-19 Cases in ‚ÄúCape Cod Cluster Outbreak‚Äù Were Fully Vaccinated...,0,2700,2021-08-02 23:59:50
52,RT @Annakhait: The world has been lied to about covid-19.,0,1673,2021-08-02 23:59:50
53,"RT @AnaCabrera: NEW: Kaiser Permanente, one of the nation‚Äôs largest health care providers, will require all of its physicians and employees‚Ä¶",0,3885,2021-08-02 23:59:50
54,RT @RepLeeZeldin: The evidence continues to mount that COVID-19 came from the Wuhan Lab. The Chinese Communist Party has MUCH to pay for &amp;‚Ä¶,0,125,2021-08-02 23:59:50
55,RT @ThePocketReport: BREAKING: Senator Lindsey Graham (5‚Äô7‚Äù) has tested positive for Covid-19,0,2051,2021-08-02 23:59:49
56,"#LGBTQ #COVID19 #VaccinesWork #January6th 
Just whose side is the Family Research Council on with regards to COVID-19 and the Jan 6th insurrection because it's damn sure not  America's side. https://t.co/9gzWaiwJ3y",1,3,2021-08-02 23:59:49
57,RT @nataliegwinters: BOMBSHELL: Former National Intelligence Director Says ‚ÄòEvery Piece Of Evidence‚Äô Proves COVID-19 Leaked From Wuhan Lab.‚Ä¶,0,475,2021-08-02 23:59:49
58,"RT @SenatorCardin: It‚Äôs National Immunization Awareness Month, and there‚Äôs no better way to celebrate than getting vaccinated against COVID‚Ä¶",0,44,2021-08-02 23:59:49
59,"date,[10] but it was delayed again, for undisclosed reasons.[11] Crahan noted that there are still plans for it to be released during the latter half of the We Are Not Your Kind touring cycle,[12] though the COVID-19 pandemic forced the band to cancel much of their 2020 touring",0,0,2021-08-02 23:59:49
60,"RT @ECISDtweets: COVID-19 vaccination clinic provided by Army National Guard on Tuesday, Aug. 10, 3-6 p.m. in the Cafeteria at Oak Crest El‚Ä¶",0,4,2021-08-02 23:59:49
61,"RT @josh_tep: Hey, everyone.  As you may know, my dad recently passed away from COVID-19 related complications.  I‚Äôve lowered the reserve o‚Ä¶",0,155,2021-08-02 23:59:49
62,RT @tomaskenn: This is insane. While hospitals in Orlando are overwhelmed with people hospitalized due to Covid-19 and Florida still leadin‚Ä¶,0,157,2021-08-02 23:59:49
63,RT @unionsaustralia: It's not the CEOs or billionaires that are getting us through the pandemic. It's essential workers who work everyday t‚Ä¶,0,38,2021-08-02 23:59:48
64,"RT @CNNPolitics: Top RNC official in Florida spreads Covid-19 conspiracies, calling vaccines the ""mark of the beast"" https://t.co/1RO8O4PyBA",0,390,2021-08-02 23:59:48
65,RT @tomaskenn: This is insane. While hospitals in Orlando are overwhelmed with people hospitalized due to Covid-19 and Florida still leadin‚Ä¶,0,157,2021-08-02 23:59:48
66,"RT @AnaCabrera: NEW: Kaiser Permanente, one of the nation‚Äôs largest health care providers, will require all of its physicians and employees‚Ä¶",0,3885,2021-08-02 23:59:48
67,RT @thehill: JUST IN: Appeals court sides with Indiana University over requirement that all students be vaccinated against COVID-19 or wear‚Ä¶,0,78,2021-08-02 23:59:48
68,"RT @EricHaftelLive: Four days ago, Senator Lindsey Graham mocked House Democrats for wearing masks.

Today, Senator Lindsey Graham has test‚Ä¶",0,371,2021-08-02 23:59:47
69,"RT @JoeNBC: ‚ÄúI don‚Äôt think I‚Äôve ever seen anything that‚Äôs been so controversial as this vaccine, and it‚Äôs so puzzling to me, because the va‚Ä¶",0,245,2021-08-02 23:59:47
70,"RT @KFILE: CNN KFile: The top RNC official in Florida, amid surging cases in the state, has spread COVID-19 conspiracies that COVID-19 vacc‚Ä¶",0,121,2021-08-02 23:59:47
71,"RT @EricHaftelLive: Four days ago, Senator Lindsey Graham mocked House Democrats for wearing masks.

Today, Senator Lindsey Graham has test‚Ä¶",0,371,2021-08-02 23:59:46
72,"RT @CNN: JUST IN: Republican Sen. Lindsey Graham says he's tested positive for Covid after being vaccinated, and is certain he'd feel worse‚Ä¶",0,228,2021-08-02 23:59:46
73,"RT @AaronParnas: Breaking: Florida is now reporting 10,389 total COVID-19 related hospitalizations. 

This is another new record. #GetVacci‚Ä¶",0,511,2021-08-02 23:59:46
74,"RT @AnaCabrera: NEW: Kaiser Permanente, one of the nation‚Äôs largest health care providers, will require all of its physicians and employees‚Ä¶",0,3885,2021-08-02 23:59:46
75,"RT @michaelcdeibert: Mr Lordi, singer of Finnish heavy metal band Lordi, receives his second dose of Covid-19 vaccine in Rovaniemi, Finland‚Ä¶",0,9106,2021-08-02 23:59:46
76,"RT @AnaCabrera: NEW: Kaiser Permanente, one of the nation‚Äôs largest health care providers, will require all of its physicians and employees‚Ä¶",0,3885,2021-08-02 23:59:46
77,"@MollyJongFast üíÄüíÄüíÄüíÄüíÄüíÄüíÄüíÄüíÄüíÄüíÄüíÄüíÄüíÄORANGE CALIGULA üíÄ HARBINGER OF ‚ò†Ô∏è‚ò†Ô∏è DEATH ‚ò†Ô∏è ‚ò†Ô∏è üíÄüíÄ ‚ò†Ô∏è‚ò†Ô∏è‚ò†Ô∏è‚ò†Ô∏èüö©AND HIS GOP COVID-19 DEATH SQUAD üá∫üá∏ BE BEST COVID-19, SUPER SPREADERS üíÄMAGA,: KILLEM ALL COUNT THEM LATER DEATH  TOUR  üö©üëç‚ò†Ô∏èBE BEST DEPLORABLES &amp;  MURDERERSüö©‚ò†Ô∏è https://t.co/l0sBDJg8Ki",2,1,2021-08-02 23:59:45
78,"RT @TheRealHoarse: ‚ÄúDevereaux said she now plans to get vaccinated and is encouraging everyone else to as well.‚Äù

She NOW plans to get vaxe‚Ä¶",0,680,2021-08-02 23:59:45
79,"@SCloud564 @billysunday1 mRNA is basically ""plug and play""

They take the genome of the New variant,  and put it into the base of the vaccine...

One company has just applied for approval for a combination ""Measles, Mumps, Rubella...and Covid-19 vaccine",1,0,2021-08-02 23:59:45
80,"RT @DrCraigEmerson: The delta variant of Covid-19 entered Australia via an unvaccinated, unmasked limousine driver transporting an overseas‚Ä¶",0,619,2021-08-02 23:59:44
81,"@RevinoVic Hi there, you can check your eligibility online by visiting @ServiceGovAu website here: https://t.co/boM0q3nDPY
If your visa is eligible, you can claim by calling 180 22 66.",0,0,2021-08-02 23:59:44
82,"RT @beverleyturner: Dear @tiktok_uk and @castingcallpro...
Please can you explain this? Why are you advertising for actors to film themselv‚Ä¶",0,2117,2021-08-02 23:59:44
83,"RT @ProfPCDoherty: More children do seem to be experiencing more severe disease from the delta variant, though their role in transmission i‚Ä¶",0,91,2021-08-02 23:59:43
84,"RT @mmpadellan: BREAKING: Senator Lindsey Graham has tested positive for COVID-19.

Still testing negative for spine, tho.",0,6425,2021-08-02 23:59:43
85,RT @JDeanWilliams: Can‚Äôt believe COVID-19 was renewed for season 2.,0,1235,2021-08-02 23:59:43
86,"RT @LauraMiers: ‚ÄúNevada reports a COVID-19 test positivity rate of 14.9% and 2,531 new virus infections since Friday, according to data rel‚Ä¶",0,8,2021-08-02 23:59:42
87,"RT @POTUS: We are prepared to deal with the surge in COVID-19 cases like never before.  
 
Unlike a year ago, we have the ability to save l‚Ä¶",0,6686,2021-08-02 23:59:42
88,@debbiespetfarm @POTUS Moron.  You can still get COVID-19 after being vaccinated.  You just DON'T GET REALLY SICK AND DIE!,0,0,2021-08-02 23:59:42
89,RT @politicalham: I interview Calgary ER doc Joe Vipond about why @CMOH_Alberta's decision to end COVID-19 pandemic management is a terribl‚Ä¶,0,117,2021-08-02 23:59:42
90,RT @thehill: YouTube bars Murdoch-owned news outlet from uploads over COVID-19 misinformation https://t.co/KkAiGcLjS4 https://t.co/0ZI49wWg‚Ä¶,0,37,2021-08-02 23:59:42
91,RT @Meidas_LaurenA: ‚ÄúEquating the possibility of private entities requiring their employees to receive the Covid-19 vaccine to the Holocaus‚Ä¶,0,2,2021-08-02 23:59:42
92,RT @LoosaNoosa: @aclennell @GladysB @BradHazzard Concerns grow over high numbers of Queensland children infected with COVID-19 - RN Breakfa‚Ä¶,0,6,2021-08-02 23:59:42
93,"RT @tomaskenn: It's wild that while Florida is leading nationwide in Covid-19 cases, hospitalizations, and deaths, Ron Desantis threatens t‚Ä¶",0,217,2021-08-02 23:59:41
94,RT @ChuckCallesto: BREAKING REPORT:  74% of Covid-19 Cases in ‚ÄúCape Cod Cluster Outbreak‚Äù Were Fully Vaccinated...,0,2700,2021-08-02 23:59:41
95,RT @ABC7: More than 99.99% of people fully vaccinated against Covid-19 have not had a breakthrough case resulting in hospitalization or dea‚Ä¶,0,593,2021-08-02 23:59:41
96,"RT @EricHaftelLive: Four days ago, Senator Lindsey Graham mocked House Democrats for wearing masks.

Today, Senator Lindsey Graham has test‚Ä¶",0,371,2021-08-02 23:59:41
97,"RT @SenatorCarper: This is what progress looks like.
¬†
Thanks to the bold leadership of @POTUS and his Administration, today our nation rea‚Ä¶",0,166,2021-08-02 23:59:41
98,RT @glennbeck: Australia is now using its military to enforce COVID-19 lockdowns. I'm no longer sure America would never put up with that h‚Ä¶,0,180,2021-08-02 23:59:40
99,RT @ChuckCallesto: BREAKING REPORT:  74% of Covid-19 Cases in ‚ÄúCape Cod Cluster Outbreak‚Äù Were Fully Vaccinated...,0,2700,2021-08-02 23:59:40
100,"Sen. Lindsey Graham tests positive for COVID-19, despite being vaccinated. 
But keep you mask on they also work really well.",0,0,2021-08-02 23:59:40
101,"RT @josh_tep: Hey, everyone.  As you may know, my dad recently passed away from COVID-19 related complications.  I‚Äôve lowered the reserve o‚Ä¶",0,155,2021-08-02 23:59:40
102,"RT @joshrogin: New congressional report says covid-19 likely emerged in Wuhan in SEPTEMBER 2019, not December https://t.co/0ZDnggrIBv by me‚Ä¶",0,632,2021-08-02 23:59:40
103,"Remaining counties reported fewer than 10 new cases. Latest numbers bring total cases in New Mexico since the start of the pandemic to 211,462, of which 197,097 are designated as having recovered.

As of today, 148 people are  hospitalized in New Mexico with  COVID-19. 

4/4",0,0,2021-08-02 23:59:40
104,Kaiser Permanente mandating COVID-19 vaccine for employees and physicians https://t.co/rTJQLc3rTL via @abc7,4,2,2021-08-02 23:59:39
105,"LinkedIn to Debut Limited Series Reshuffle, on How Covid-19 Shaped the World of Work - https://t.co/7IiT4iECPk",0,0,2021-08-02 23:59:39
106,"@NMDOH reported four deaths and 1,076 new cases of COVID-19 in New Mexico in the last three days. Bernalillo, Chaves, Curry and Valencia counties each recorded one death between Saturday, Sunday and Monday. New Mexico's death toll from the virus since March 2020 is 4,414.

1/4",0,0,2021-08-02 23:59:39
107,"RT @mmpadellan: When Pearl Harbor happened,
America united against a common enemy.

When 9/11 happened,
America united against a common ene‚Ä¶",0,630,2021-08-02 23:59:39
108,"RT @KFILE: CNN KFile: The top RNC official in Florida, amid surging cases in the state, has spread COVID-19 conspiracies that COVID-19 vacc‚Ä¶",0,121,2021-08-02 23:59:39
109,"RT @SpiroAgnewGhost: About 99.999% of fully vaccinated Americans have not had a deadly Covid-19 breakthrough case, CDC data shows 

What a‚Ä¶",0,107,2021-08-02 23:59:39
110,"RT @gopTODD: Get vaccinated!

Less than 0.001% of those fully vaccinated have had a fatal COVID-19 breakthrough case. 

Less than 0.004% of‚Ä¶",0,89,2021-08-02 23:59:38
111,RT @BNODesk: BREAKING: Number of people hospitalized with COVID-19 in Louisiana reaches all-time high https://t.co/rXpye9VCFM https://t.co/‚Ä¶,0,423,2021-08-02 23:59:38
112,"RT @POTUS: We are prepared to deal with the surge in COVID-19 cases like never before.  
 
Unlike a year ago, we have the ability to save l‚Ä¶",0,6686,2021-08-02 23:59:38
113,"RT @AnaCabrera: NEW: Kaiser Permanente, one of the nation‚Äôs largest health care providers, will require all of its physicians and employees‚Ä¶",0,3885,2021-08-02 23:59:37
114,RT @thehill: More than a million people under new lockdown in China amid COVID-19 outbreak https://t.co/JnGAfHGm8s https://t.co/q0TV4PMEQE,0,52,2021-08-02 23:59:37
115,"RT @tomaskenn: Press secretary for Ron Desantis @ChristinaPushaw, who gets paid $120,000 a year to spread Covid-19 misinformation, is now d‚Ä¶",0,545,2021-08-02 23:59:37
116,"RT @HealthNS: Nova Scotia Health Public Health advises of a potential exposure to COVID-19 in the Western Zone -  
Shopper‚Äôs Drug Mart ‚Äì Ev‚Ä¶",0,16,2021-08-02 23:59:37
117,"RT @Outkick: The¬†New York Times¬†instructed its staffers not to investigate COVID-19's origin last year.

https://t.co/a8w1RZRXoZ",0,85,2021-08-02 23:59:37
118,"RT @EricHaftelLive: Four days ago, Senator Lindsey Graham mocked House Democrats for wearing masks.

Today, Senator Lindsey Graham has test‚Ä¶",0,371,2021-08-02 23:59:37
119,"RT @AnaCabrera: NEW: Kaiser Permanente, one of the nation‚Äôs largest health care providers, will require all of its physicians and employees‚Ä¶",0,3885,2021-08-02 23:59:37
120,The Sacramento Kings selected Neemias Queta from Utah State University last week in the NBA draft. Queta is the highest NBA draft pick from Utah State since 1981.  https://t.co/ySbfgaBIrY,0,0,2021-08-02 23:59:37
121,RT @MarkMeadows: Biden and Harris want you to believe we‚Äôre in a COVID-19 emergency while they do nothing to stop this,0,2156,2021-08-02 23:59:37
122,"RT @AnaCabrera: NEW: Kaiser Permanente, one of the nation‚Äôs largest health care providers, will require all of its physicians and employees‚Ä¶",0,3885,2021-08-02 23:59:37
123,"RT @AaronParnas: While Ron DeSantis has gone silent, @NikkiFried is giving daily briefings on COVID-19 and the status of the pandemic in Fl‚Ä¶",0,2417,2021-08-02 23:59:36
124,RT @DrJenGunter: Study shows no impact of COVID-19 vaccination on ovarian function during infertility therapy. Add it to the growing list o‚Ä¶,0,478,2021-08-02 23:59:36
125,"RT @AnnastaciaMP: COVID-19 Update: Deputy Premier @StevenJMiles, Health Minister @YvetteDAth and Chief Health Officer speaking in Brisbane‚Ä¶",0,23,2021-08-02 23:59:36
126,RT @HillaryClinton: The vaccines are protecting millions of people from COVID-19. Encourage a friend or family member to get vaccinated tod‚Ä¶,0,1228,2021-08-02 23:59:36
127,RT @thehill: JUST IN: Appeals court sides with Indiana University over requirement that all students be vaccinated against COVID-19 or wear‚Ä¶,0,78,2021-08-02 23:59:36
128,"#update Qld is reporting 16 new community-acquired cases of COVID-19, all linked to existing cluster and numerous schools. Total now at 47.",42,14,2021-08-02 23:59:36
129,"RT @SethAbramson: BUSINESS INSIDER: Senator Ron Johnson (R-WI) Would Support Vaccine Mandate for An ""Incredibly Deadly"" Virus‚ÄîBut Not COVID‚Ä¶",0,514,2021-08-02 23:59:36
130,"RT @1Obefiend: How many of your family members already died because of Covid-19?

I'll start.

9",0,3671,2021-08-02 23:59:36
131,RT @Independent: Tests show no traces of Covid-19 at railway stations https://t.co/TcUv5cTfjD,0,6,2021-08-02 23:59:35
132,"RT @nanwhaley: It is time to get the COVID-19 vaccine if you haven't already. 

Folks in Dayton and Montgomery County can find  information‚Ä¶",0,6,2021-08-02 23:59:35
133,"RT @mmpadellan: BREAKING: Senator Lindsey Graham has tested positive for COVID-19.

Still testing negative for spine, tho.",0,6425,2021-08-02 23:59:35
134,"RT @awgaffney: This is very wrong. The public health threat is exponential case growth within our borders, not migrants and asylum seekers‚Ä¶",0,16,2021-08-02 23:59:35
135,"RT @mjrowland68: 'At least six videos from Sky News Australia hosts Alan Jones, Rowan Dean and Rita Panahi have been deleted for violating‚Ä¶",0,312,2021-08-02 23:59:35
136,RT @tplohetski: BREAKING: Austin health officials say the city has now crossed into Stage 5 risk for COVID-19 spread.,0,2821,2021-08-02 23:59:35
137,"RT @SethAbramson: BUSINESS INSIDER: Senator Ron Johnson (R-WI) Would Support Vaccine Mandate for An ""Incredibly Deadly"" Virus‚ÄîBut Not COVID‚Ä¶",0,514,2021-08-02 23:59:35
138,"Sen. Lindsey Graham may have exposed multiple senators to COVID-19 on Joe Manchin's DC houseboat. Sen. Mark Kelly, an Arizona Democrat, and Sen. Jacky Rosen, a Nevada Democrat, also attended the gathering and came into contact with Graham.  https://t.co/HIi8tOKTXP via @Yahoo",2,1,2021-08-02 23:59:34
139,RT @ChristinaPushaw: This is COVID-19 misinformation @TwitterSafety. The Executive Office of the Governor of Florida has *never* handled in‚Ä¶,0,46,2021-08-02 23:59:34
140,"RT @joshrogin: New congressional report says covid-19 likely emerged in Wuhan in SEPTEMBER 2019, not December https://t.co/0ZDnggrIBv by me‚Ä¶",0,632,2021-08-02 23:59:34
141,#BREAKING: Queensland records 16 new local cases of COVID-19 all linked to Indooroopilly cluster.,1,0,2021-08-02 23:59:34
142,"RT @proverbialcat: @TheRickyDavila Word is that although ""proof"" of vaccination or negative Covid-19 test were required to get in, there we‚Ä¶",0,1,2021-08-02 23:59:34
143,You know if you wouldn‚Äôt act like a dick 90% -scratch that- 100% of the time people wouldn‚Äôt announce that you have COVID-19,1,0,2021-08-02 23:59:34
144,"RT @Reuters_Health: Thailand will increase the number of people required to isolate at home with COVID-19 to 100,000, health officials said‚Ä¶",0,5,2021-08-02 23:59:34
145,"RT @CNNPolitics: Top RNC official in Florida spreads Covid-19 conspiracies, calling vaccines the ""mark of the beast"" https://t.co/1RO8O4PyBA",0,390,2021-08-02 23:59:34
146,"RT @CoryBMorgan: Until COVID-19 presents as much risk to kids under 12 as playground monkey bars do (&amp; it doesn't), quit using kids under 1‚Ä¶",0,41,2021-08-02 23:59:34
147,"RT @JeremeBender: We have a delta variant of covid 19 so let's just keep the boarders open for all the variants of covid 19 can get in!!

W‚Ä¶",0,43,2021-08-02 23:59:33
148,"RT @Hannah_Bananaz: And that province is Alberta.

‚ÄòCanada finally has a province willing to stand against the madness of endless lockdowns‚Ä¶",0,145,2021-08-02 23:59:33
149,"RT @lapublichealth: Getting Vaccinated in L.A. County is Easier Than Ever - 
2,361 New Confirmed Cases of COVID-19 in Los Angeles County an‚Ä¶",0,22,2021-08-02 23:59:32
150,Lindsey Graham Possibly Exposed Joe Manchin's Boat Party to COVID-19 https://t.co/HKRWcYzikk,3,5,2021-08-02 23:59:32
151,RT @ChuckCallesto: BREAKING REPORT:  74% of Covid-19 Cases in ‚ÄúCape Cod Cluster Outbreak‚Äù Were Fully Vaccinated...,0,2700,2021-08-02 23:59:31
152,"RT @DillerAwards: ‚ÄúThey said that a teenager couldn‚Äôt have possibly created the site... and I did.‚Äù 2021 Awardee Kelly Danielpour, founder‚Ä¶",0,3,2021-08-02 23:59:31
153,"RT @SethAbramson: BUSINESS INSIDER: Senator Ron Johnson (R-WI) Would Support Vaccine Mandate for An ""Incredibly Deadly"" Virus‚ÄîBut Not COVID‚Ä¶",0,514,2021-08-02 23:59:31
154,RT @ChuckCallesto: BREAKING REPORT:  74% of Covid-19 Cases in ‚ÄúCape Cod Cluster Outbreak‚Äù Were Fully Vaccinated...,0,2700,2021-08-02 23:59:31
155,RT @WFLA: 'What are you waiting for?': Nikki Fried says Gov. DeSantis needs to issue an emergency order for COVID-19 https://t.co/7MTKDCl9n‚Ä¶,0,297,2021-08-02 23:59:31
156,"RT @Koreaboo: Fans Celebrate As TREASURE‚Äôs Doyoung and Junghwan Make Their First Public Appearance Since COVID-19 Diagnosis

https://t.co/C‚Ä¶",0,2359,2021-08-02 23:59:30
157,"RT @SethAbramson: BUSINESS INSIDER: Senator Ron Johnson (R-WI) Would Support Vaccine Mandate for An ""Incredibly Deadly"" Virus‚ÄîBut Not COVID‚Ä¶",0,514,2021-08-02 23:59:30
158,"RT @mjrowland68: 'At least six videos from Sky News Australia hosts Alan Jones, Rowan Dean and Rita Panahi have been deleted for violating‚Ä¶",0,312,2021-08-02 23:59:30
159,RT @BNODesk: BREAKING: 70% of American adults at least partially vaccinated against COVID-19,0,275,2021-08-02 23:59:30
160,"RT @joshrogin: New congressional report says covid-19 likely emerged in Wuhan in SEPTEMBER 2019, not December https://t.co/0ZDnggrIBv by me‚Ä¶",0,632,2021-08-02 23:59:30
161,RT @christufton: Got your COVID-19 vaccine? Then repost this image! Show the world that you are committed to protecting lives and ending th‚Ä¶,0,467,2021-08-02 23:59:29
162,RT @tplohetski: BREAKING: Austin health officials say the city has now crossed into Stage 5 risk for COVID-19 spread.,0,2821,2021-08-02 23:59:29
163,"RT @CP24: Summer camp in Muskoka district shuts amid COVID-19 outbreak
https://t.co/zlvwnYh3Ju",0,127,2021-08-02 23:59:29
164,"RT @armyspoke_news: ‚õëOn 31 July, 2021, medical personnel from Phramongkutklao College of Medicine provided¬†proactive screening for Covid-19‚Ä¶",0,405,2021-08-02 23:59:29
165,"RT @WADeptHealth: As the Delta variant spreads rapidly, COVID-19 cases are also increasing. üìà Protect yourself and others by getting vaccin‚Ä¶",0,89,2021-08-02 23:59:29
166,RT @ReutersWorld: U.S. Senator Lindsey Graham says he tested positive for COVID-19 https://t.co/dq0GP2ssY0 https://t.co/mQH9oOGge9,0,5,2021-08-02 23:59:29
167,"RT @josh_tep: Hey, everyone.  As you may know, my dad recently passed away from COVID-19 related complications.  I‚Äôve lowered the reserve o‚Ä¶",0,155,2021-08-02 23:59:28
168,"RT @jomareewade: This is how to do a headline:

""Less than 1% of fully vaccinated people experience a breakthrough Covid-19 infection""

htt‚Ä¶",0,79,2021-08-02 23:59:28
169,"RT @MartySilkHack: NEW: Queensland has recorded 16 new locally-acquired cases of COVID-19.

All linked to the west Brisbane cluster.

The t‚Ä¶",0,17,2021-08-02 23:59:28
170,RT @WSILNews: Contact tracers are trying to determine if anyone picked up the coronavirus during a boisterous St. Louis County Council meet‚Ä¶,0,1,2021-08-02 23:59:28
171,RT @joncoopertweets: U.S. finally reaches milestone set by President Biden of 70% of adults with at least one COVID-19 shot https://t.co/Ol‚Ä¶,0,112,2021-08-02 23:59:28
172,RT @ChuckCallesto: BREAKING REPORT:  74% of Covid-19 Cases in ‚ÄúCape Cod Cluster Outbreak‚Äù Were Fully Vaccinated...,0,2700,2021-08-02 23:59:27
173,"@noirsavant2 @John_Kafey Image tr√®s malhonn√™te...

""About three-fourths of people infected in a Massachusetts Covid-19 outbreak were fully vaccinated against the coronavirus with four of them ending up in the hospital""",0,0,2021-08-02 23:59:27
174,"RT @joshrogin: New congressional report says covid-19 likely emerged in Wuhan in SEPTEMBER 2019, not December https://t.co/0ZDnggrIBv by me‚Ä¶",0,632,2021-08-02 23:59:26
175,RT @DWUhlfelderLaw: More lines in Florida to get COVID-19 tests https://t.co/PJHfso8qXe,0,609,2021-08-02 23:59:26
176,RT @etskylight: We are proud to announce that all our colleagues received their first dose of vaccinations against the COVID-19 virus. The‚Ä¶,0,520,2021-08-02 23:59:26
177,"RT @MartySilkHack: NEW: Queensland has recorded 16 new locally-acquired cases of COVID-19.

All linked to the west Brisbane cluster.

The t‚Ä¶",0,17,2021-08-02 23:59:26
178,"RT @EricHaftelLive: Four days ago, Senator Lindsey Graham mocked House Democrats for wearing masks.

Today, Senator Lindsey Graham has test‚Ä¶",0,371,2021-08-02 23:59:25
179,"I heard the covid-19 strain has never even been isolated. And when the scientists in India said that last year, they were removed from the University.",0,0,2021-08-02 23:59:25
180,@liithadonnnn @Zitlalihp @jiggyjayy2 during a whole Covid-19 pandemic on top of that,15,0,2021-08-02 23:59:25
181,"RT @RioSlade: Savannah hospitals facing influx of Covid cases, numbers almost doubled in last week

As expected, Savannah hospitals are see‚Ä¶",0,2,2021-08-02 23:59:25
182,"RT @CAgovernor: California offers in-home vaccinations and free transportation to vaccine appointments.

COVID-19 vaccines are free, safe,‚Ä¶",0,521,2021-08-02 23:59:24
183,New from JSOnline and PackersNews: Packers hoping to avoid Vikings' setbacks involving COVID-19 protocols https://t.co/aGU15rLL65 #Packers,9,3,2021-08-02 23:59:24
184,"RT @WandrMe: Delta/LATAM filed updates to  JV/ATI request, with bold claims of increased service, including:
-At least nine new nonstop U.S‚Ä¶",0,6,2021-08-02 23:59:24
185,"RT @AnaCabrera: NEW: Kaiser Permanente, one of the nation‚Äôs largest health care providers, will require all of its physicians and employees‚Ä¶",0,3885,2021-08-02 23:59:24
186,"RT @CAgovernor: California offers in-home vaccinations and free transportation to vaccine appointments.

COVID-19 vaccines are free, safe,‚Ä¶",0,521,2021-08-02 23:59:24
187,"RT @beverleyturner: Dear @tiktok_uk and @castingcallpro...
Please can you explain this? Why are you advertising for actors to film themselv‚Ä¶",0,2117,2021-08-02 23:59:24
188,"RT @TheInsiderPaper: ALERT - Top editor at the New York Times instructed Times staffers not to investigate the origins of COVID-19, two Tim‚Ä¶",0,569,2021-08-02 23:59:24
189,"RT @SethAbramson: BUSINESS INSIDER: Senator Ron Johnson (R-WI) Would Support Vaccine Mandate for An ""Incredibly Deadly"" Virus‚ÄîBut Not COVID‚Ä¶",0,514,2021-08-02 23:59:24
190,RT @POTUS: This morning I met with members of my COVID-19 response team as we continue to fight the Delta variant surging across the countr‚Ä¶,0,2280,2021-08-02 23:59:24
191,"RT @michaelcdeibert: Mr Lordi, singer of Finnish heavy metal band Lordi, receives his second dose of Covid-19 vaccine in Rovaniemi, Finland‚Ä¶",0,9106,2021-08-02 23:59:23
192,RT @StateDept: Sharing safe and effective vaccines with the world is a key part of defeating COVID-19. The second shipment to Moldova of th‚Ä¶,0,52,2021-08-02 23:59:23
193,"RT @TheInsiderPaper: ALERT - Top editor at the New York Times instructed Times staffers not to investigate the origins of COVID-19, two Tim‚Ä¶",0,569,2021-08-02 23:59:23
194,"RT @AaronParnas: Ron DeSantis knows that increasing COVID-19 cases hurts his re-election chances. 

That's why he has resorted to concealin‚Ä¶",0,855,2021-08-02 23:59:22
195,"RT @Rosenlaw: TN state rep David Byrd once accused the media of sensationalizing the COVID-19 pandemic. Now, after 55 days on a ventilator,‚Ä¶",0,1495,2021-08-02 23:59:22
196,RT @tribstar: Indiana State University is now offering incentives to encourage more students and employees to get vaccinated against COVID-‚Ä¶,0,1,2021-08-02 23:59:22
197,"RT @joshrogin: New congressional report says covid-19 likely emerged in Wuhan in SEPTEMBER 2019, not December https://t.co/0ZDnggrIBv by me‚Ä¶",0,632,2021-08-02 23:59:22
198,"RT @CBCAlerts: Sask. reports 29 new COVID-19 cases, 7-day average dips to 51. https://t.co/22XcdlRiS2",0,3,2021-08-02 23:59:21
199,"RT @serena_patriot: Impeach Biden for what?

-Strong economy
-High rates of vaccination
-3 available COVID-19 vaccines
-America being respe‚Ä¶",0,1361,2021-08-02 23:59:21
200,"RT @DrCraigEmerson: The delta variant of Covid-19 entered Australia via an unvaccinated, unmasked limousine driver transporting an overseas‚Ä¶",0,619,2021-08-02 23:59:21
201,"RT @AnaCabrera: NEW: Kaiser Permanente, one of the nation‚Äôs largest health care providers, will require all of its physicians and employees‚Ä¶",0,3885,2021-08-02 23:59:21
202,"RT @TheInsiderPaper: ALERT - Top editor at the New York Times instructed Times staffers not to investigate the origins of COVID-19, two Tim‚Ä¶",0,569,2021-08-02 23:59:21
203,"RT @armyspoke_news: https://t.co/e7SMFWt5bY

üöçRTA has transported 13,227 cases of COVID-19 patients and the deceased in the Bangkok Metropo‚Ä¶",0,334,2021-08-02 23:59:21
204,RT @nataliegwinters: BOMBSHELL: Former National Intelligence Director Says ‚ÄòEvery Piece Of Evidence‚Äô Proves COVID-19 Leaked From Wuhan Lab.‚Ä¶,0,475,2021-08-02 23:59:20
205,"RT @zahidpatka: #ModiTheWorldLeader PM @narendramodi JI Epitome Of Humanity &amp; Believes In 
#VasudhaivaKutumbakan "" The World Is One Family‚Ä¶",0,3,2021-08-02 23:59:20
206,"RT @SethAbramson: BUSINESS INSIDER: Senator Ron Johnson (R-WI) Would Support Vaccine Mandate for An ""Incredibly Deadly"" Virus‚ÄîBut Not COVID‚Ä¶",0,514,2021-08-02 23:59:19
207,Fifteen more Utahns have died of COVID-19 according to the state‚Äôs Department of Health. That‚Äôs a three day total dating back to Friday.  #COVID19Utah https://t.co/ySbfgaBIrY,0,0,2021-08-02 23:59:19
208,"RT @POTUS: We are prepared to deal with the surge in COVID-19 cases like never before.  
 
Unlike a year ago, we have the ability to save l‚Ä¶",0,6686,2021-08-02 23:59:19
209,"RT @lapublichealth: Getting Vaccinated in L.A. County is Easier Than Ever - 
2,361 New Confirmed Cases of COVID-19 in Los Angeles County an‚Ä¶",0,22,2021-08-02 23:59:19
210,"RT @piruthivi_al: According to updated data from the Union Health Ministry, the top 5 states which registered maximum Covid-19 cases are Ke‚Ä¶",0,98,2021-08-02 23:59:18
211,"RT @NBCNews: BREAKING: Sen. Graham says he tested positive for Covid-19.

‚ÄúI am very glad I was vaccinated because without vaccination I am‚Ä¶",0,276,2021-08-02 23:59:18
212,"RT @1Obefiend: How many of your family members already died because of Covid-19?

I'll start.

9",0,3671,2021-08-02 23:59:18
213,"RT @drefanzor: Kathy Griffin has lung cancer.

Here she is in October 2020 when President Trump was hospitalized for COVID-19:",0,2039,2021-08-02 23:59:17
214,RT @KJP46: FACT: The COVID-19 vaccines are working.,0,431,2021-08-02 23:59:17
215,RT @placentadoc: If you‚Äôre pregnant - in ANY trimester- I‚Äôm pleading with you to get the COVID-19 vaccine. It is safe. It is effective. It‚Ä¶,0,4559,2021-08-02 23:59:17
216,RT @thehill: YouTube bars Murdoch-owned news outlet from uploads over COVID-19 misinformation https://t.co/KkAiGcLjS4 https://t.co/0ZI49wWg‚Ä¶,0,37,2021-08-02 23:59:17
217,"RT @AnaCabrera: NEW: Kaiser Permanente, one of the nation‚Äôs largest health care providers, will require all of its physicians and employees‚Ä¶",0,3885,2021-08-02 23:59:17
218,RT @thehill: YouTube bars Murdoch-owned news outlet from uploads over COVID-19 misinformation https://t.co/KkAiGcLjS4 https://t.co/0ZI49wWg‚Ä¶,0,37,2021-08-02 23:59:17
219,RT @joncoopertweets: U.S. finally reaches milestone set by President Biden of 70% of adults with at least one COVID-19 shot https://t.co/Ol‚Ä¶,0,112,2021-08-02 23:59:16
220,"Struggling for breath for hours with fevers of over 40 degrees. That was the COVID-19 reality for Sydney mum Melissa Green as her body fought the deadly virus. #9Today 

https://t.co/P0hPXG1xrV",3,2,2021-08-02 23:59:16
221,RT @TheAsiaGroup: Exciting news for Vietnam: @vingroupvietnam Vinbiocare has entered into a collaboration and licensed production agreement‚Ä¶,0,11,2021-08-02 23:59:16
222,"RT @tomaskenn: It's wild that while Florida is leading nationwide in Covid-19 cases, hospitalizations, and deaths, Ron Desantis threatens t‚Ä¶",0,217,2021-08-02 23:59:16
223,"RT @Koreaboo: Fans Celebrate As TREASURE‚Äôs Doyoung and Junghwan Make Their First Public Appearance Since COVID-19 Diagnosis

https://t.co/C‚Ä¶",0,2359,2021-08-02 23:59:16
224,RT @PattyMurray: The science and experts agree: the COVID-19 vaccines are safe and effective‚Äîand it‚Äôs incredibly important that you get one.,0,358,2021-08-02 23:59:15
225,Windows 11 is the COVID-19 vaccine for your PC https://t.co/YFIJNmEbHS,0,0,2021-08-02 23:59:15
226,"RT @nataliegwinters: COVID-19 ""experts"" like @PeterDaszak should face criminal prosecution.

They lied. People died. https://t.co/JeVYKpz1Js",0,409,2021-08-02 23:59:15
227,RT @ChuckCallesto: BREAKING REPORT:  74% of Covid-19 Cases in ‚ÄúCape Cod Cluster Outbreak‚Äù Were Fully Vaccinated...,0,2700,2021-08-02 23:59:15
228,RT @ChuckCallesto: BREAKING REPORT:  74% of Covid-19 Cases in ‚ÄúCape Cod Cluster Outbreak‚Äù Were Fully Vaccinated...,0,2700,2021-08-02 23:59:15
229,RT @ThePocketReport: BREAKING: Senator Lindsey Graham (5‚Äô7‚Äù) has tested positive for Covid-19,0,2052,2021-08-02 23:59:14
230,"@DeMar_DeRozan Yo, come back to Toronto!! No Covid 19",1,0,2021-08-02 23:59:14
231,"RT @rajpanjabi: Among the fully vaccinated, the percentage who die from COVID-19 is nearly 0. 

Among those dying from COVID-19, the percen‚Ä¶",0,2001,2021-08-02 23:59:13
232,Fuck Around &amp; Found Out! ‚Å¶@LindseyGrahamSC‚Å© or are using #Trump tactics? ‚Å¶@SenateDems‚Å© I thought you guys had to #vaccinated to in person?  https://t.co/Zf6EfoTGUd,0,0,2021-08-02 23:59:13
233,"RT @globaltimesnews: Some 2019 EVALI patients in the #US may have been infected with #COVID19, sources said, and scientists urged the US to‚Ä¶",0,92,2021-08-02 23:59:13
234,RT @ChuckCallesto: BREAKING REPORT:  74% of Covid-19 Cases in ‚ÄúCape Cod Cluster Outbreak‚Äù Were Fully Vaccinated...,0,2700,2021-08-02 23:59:13
235,RT @ArianaGrande: vaxxed n masked. https://t.co/hVzNJzJJdY https://t.co/KSQpUniJoG,0,25986,2021-08-02 23:59:12
236,"RT @Fla_Pol: .@NikkiFried accuses @GovRonDeSantis of delaying Florida's #COVID19 data to CDC 

by @haleybrown0

https://t.co/QuCltaRtf5 

#‚Ä¶",0,13,2021-08-02 23:59:12
237,"RT @SenatorCardin: It‚Äôs National Immunization Awareness Month, and there‚Äôs no better way to celebrate than getting vaccinated against COVID‚Ä¶",0,44,2021-08-02 23:59:12
238,RT @JDeanWilliams: Can‚Äôt believe COVID-19 was renewed for season 2.,0,1235,2021-08-02 23:59:11
239,"RT @Teodrose_Burner: I believe the same story will be the narrative of humanity, we're about to endure tests that are truly biblical. I pra‚Ä¶",0,2,2021-08-02 23:59:11
240,RT @USinNigeria: We are proud to announce the delivery of 4 million doses of the Moderna #COVID19 vaccines to Nigeria through #COVAX in coo‚Ä¶,0,41,2021-08-02 23:59:11
241,RT @tplohetski: BREAKING: Austin health officials say the city has now crossed into Stage 5 risk for COVID-19 spread.,0,2821,2021-08-02 23:59:10
242,RT @Trump_Detester: Breaking: Trump‚Äôs dog has tested positive for COVID-19. https://t.co/k8CoLwDCdK,0,99,2021-08-02 23:59:10
243,"WPLG Local 10: COVID-19 cases, hospitalizations once again on the rise in Miami-Dade County.
https://t.co/qzbSrxf6rQ",0,0,2021-08-02 23:59:10
244,"‚Äújust found out about covid-19 delta, pissing and vomiting rn‚Äù https://t.co/UVw9HKOMjF",5,0,2021-08-02 23:59:10
245,"Raiders GM Mike Mayock tests positive for COVID-19, feels 'very good' ‚Äì NFL News https://t.co/Ff6ybZNY9M https://t.co/O2nFlBAlkl",0,0,2021-08-02 23:59:10
246,"RT @AdamSchefter: Raiders‚Äô GM Mike Mayock tested positive for COVID-19 and is now working from home, he confirmed Monday. The 62-year-old M‚Ä¶",0,592,2021-08-02 23:59:10
247,"RT @CHNOLA: Today, @GMA's @janai reported on the rapid rise in covid-19 cases live from #CHNOLA, and our pediatric intensivist, Dr. Nihal G‚Ä¶",0,4,2021-08-02 23:59:10
248,"In conversation with Dr Sarb Johal on the psychology of living through our Covid-19 era, by @bernardchickey https://t.co/HBbHJlVfL3",1,1,2021-08-02 23:59:10
249,"RT @mmpadellan: BREAKING: Senator Lindsey Graham has tested positive for COVID-19.

Still testing negative for spine, tho.",0,6425,2021-08-02 23:59:09
250,"RT @AnaCabrera: NEW: Kaiser Permanente, one of the nation‚Äôs largest health care providers, will require all of its physicians and employees‚Ä¶",0,3885,2021-08-02 23:59:09
251,"RT @Koreaboo: Fans Celebrate As TREASURE‚Äôs Doyoung and Junghwan Make Their First Public Appearance Since COVID-19 Diagnosis

https://t.co/C‚Ä¶",0,2359,2021-08-02 23:59:09
252,RT @USATODAY: The Biden administration extended a Trump-era policy Monday that allows migrants to be expelled to prevent the spread of COVI‚Ä¶,0,14,2021-08-02 23:59:09
253,RT @HighWireTalk: Doesn't this make you feel confident it's all about the science? RT Chicago Mayor Delays New COVID-19 Restrictions As Lol‚Ä¶,0,111,2021-08-02 23:59:09
254,RT @nataliegwinters: BOMBSHELL: Former National Intelligence Director Says ‚ÄòEvery Piece Of Evidence‚Äô Proves COVID-19 Leaked From Wuhan Lab.‚Ä¶,0,475,2021-08-02 23:59:09
255,RT @JDeanWilliams: Can‚Äôt believe COVID-19 was renewed for season 2.,0,1235,2021-08-02 23:59:09
256,"Top RNC official in Florida spreads Covid-19 conspiracies, calling vaccines the 'mark of the beast'
https://t.co/3vbsUmYbEW",1,0,2021-08-02 23:59:09
257,"RT @AnaCabrera: NEW: Kaiser Permanente, one of the nation‚Äôs largest health care providers, will require all of its physicians and employees‚Ä¶",0,3885,2021-08-02 23:59:09
258,"RT @serena_patriot: Impeach Biden for what?

-Strong economy
-High rates of vaccination
-3 available COVID-19 vaccines
-America being respe‚Ä¶",0,1361,2021-08-02 23:59:08
259,RT @AnaCabrera: More than 99.99% of people fully vaccinated against Covid-19 have not had a breakthrough case resulting in hospitalization‚Ä¶,0,4912,2021-08-02 23:59:08
260,RT @christufton: Got your COVID-19 vaccine? Then repost this image! Show the world that you are committed to protecting lives and ending th‚Ä¶,0,467,2021-08-02 23:59:08
261,"RT @joshrogin: New congressional report says covid-19 likely emerged in Wuhan in SEPTEMBER 2019, not December https://t.co/0ZDnggrIBv by me‚Ä¶",0,632,2021-08-02 23:59:08
262,RT @ejmontini: More schools need to defy Gov. Doug Ducey's COVID-19 death decree https://t.co/iyoxOzYLuR via @azcentral,0,259,2021-08-02 23:59:08
263,RT @thehill: More than a million people under new lockdown in China amid COVID-19 outbreak https://t.co/JnGAfHGm8s https://t.co/q0TV4PMEQE,0,52,2021-08-02 23:59:07
264,RT @PattyMurray: The science and experts agree: the COVID-19 vaccines are safe and effective‚Äîand it‚Äôs incredibly important that you get one.,0,358,2021-08-02 23:59:07
265,Raiders GM Mike Mayock says he tested positive for COVID-19 ‚Äì NFL News https://t.co/hcc4GYxcsG https://t.co/HyrveEvIKX,0,0,2021-08-02 23:59:07
266,"RT @tomaskenn: Florida covid-19 cases jumped 50 percent over the past week. There were more than 110,000 new cases recorded this week, a ju‚Ä¶",0,179,2021-08-02 23:59:07
267,"Blue Earth County wasn‚Äôt considered a COVID-19 hotspot as of Monday, but the delta variant‚Äôs fast spread has health officials predicting more counties will get there soon. More case growth could prompt renewed masking protocols at MSU. https://t.co/EMu0HvgtLp",0,0,2021-08-02 23:59:07
268,"RT @CNN: ""...The CDC has not gone far enough to ensure kids and schools are safe. By offering the 'option' for local ordinances to rule ...‚Ä¶",0,80,2021-08-02 23:59:07
269,RT @AnaCabrera: More than 99.99% of people fully vaccinated against Covid-19 have not had a breakthrough case resulting in hospitalization‚Ä¶,0,4912,2021-08-02 23:59:07
270,RT @thehill: More than a million people under new lockdown in China amid COVID-19 outbreak https://t.co/JnGAfHGm8s https://t.co/q0TV4PMEQE,0,52,2021-08-02 23:59:07
271,RT @crikey_news: Queensland‚Äôs CHO has doubled down on her call for young adults to avoid AstraZeneca while acknowledging Delta as far ‚Äúmore‚Ä¶,0,2,2021-08-02 23:59:07
272,"RT @globaltimesnews: Exlusive: After reviewing some 250 chest CT scans from published papers, Chinese scientists found that some 2019 e-cig‚Ä¶",0,248,2021-08-02 23:59:07
273,"RT @BrettKelman: Tennessee is reporting an average of 2,325 COVID-19 infections per day, up 938% since July 1. Deaths per day up from 3 to‚Ä¶",0,475,2021-08-02 23:59:07
274,"RT @MartySilkHack: NEW: Queensland has recorded 16 new locally-acquired cases of COVID-19.

All linked to the west Brisbane cluster.

The t‚Ä¶",0,17,2021-08-02 23:59:07
275,"RT @BurkhalterEddie: Today there are 1,583 hospitalized in Alabama with COVID-19, and 38 of them are children, according to the Alabama Hos‚Ä¶",0,19,2021-08-02 23:59:06
276,RT @tplohetski: BREAKING: Austin health officials say the city has now crossed into Stage 5 risk for COVID-19 spread.,0,2821,2021-08-02 23:59:06
277,"RT @SandraSentinel: FACT is children crossing southern border illegally are bringing in and spreading COVID-19 (of course so are adults)

W‚Ä¶",0,77,2021-08-02 23:59:06
278,"RT @thetonymichaels: Lady G has been downplaying the threat of the #Delta variant‚Ä¶

Now he test positive for Covid-19 and fuckin stupidity!‚Ä¶",0,29,2021-08-02 23:59:06
279,Like every war. We are forced to take sides. This is the current narrative in the US. I‚Äôd like to think that taking the vaccine is like taking a bullet for the war against Covid-19 voluntarily. So yeah quit watching and believing shit on your phones https://t.co/QLp1CXNliy,0,0,2021-08-02 23:59:06
280,RT @scientificrealm: BREAKING: Lindsay Graham's COVID-19 infection proves that kissing Donald Trump‚Äôs butt maskless can indeed transmit Sar‚Ä¶,0,15,2021-08-02 23:59:06
281,"RT @SenDuckworth: COVID-19 is not a hoax.

It‚Äôs not political.

The Delta variant is real, deadly and spreading like wildfire.

Get vaccina‚Ä¶",0,1106,2021-08-02 23:59:06
282,"RT @drefanzor: Kathy Griffin has lung cancer.

Here she is in October 2020 when President Trump was hospitalized for COVID-19: https://t.co‚Ä¶",0,2039,2021-08-02 23:59:06
283,Appeals Court Upholds Indiana University's Vaccine Mandate https://t.co/Q77n0XC52s via @newsmax,0,0,2021-08-02 23:59:05
284,"@RonDesantisFl 
I'm not visiting FL family this year. Take control of pandemic or lose tourist $$ 

""FL Hospital Assoc on Mon reported 10,389 Covid-19 hospitalizations.""

Florida Covid hospitalizations shatter record as DeSantis downplays threat https://t.co/NaT6gTZC8A #SmartNews",1,1,2021-08-02 23:59:05
285,"RT @VickerySec: ‚ÄúOk, Mr. Employer, you don‚Äôt want to require your workforce to be vaccinated against covid-19 because it makes you feel may‚Ä¶",0,132,2021-08-02 23:59:05
286,Louisiana Gov. John Bel Edwards has implemented a statewide indoor mask mandate to combat the spread of COVID-19 and the delta variant of the virus. https://t.co/AlfF9MTE0N,0,0,2021-08-02 23:59:04
287,"RT @LouisianaGov: Today, I am reinstating Louisiana‚Äôs statewide mask mandate indoors for all people ages 5 &amp; up as COVID-19 cases &amp; hospita‚Ä¶",0,1501,2021-08-02 23:59:04
288,RT @tomaskenn: This is insane. While hospitals in Orlando are overwhelmed with people hospitalized due to Covid-19 and Florida still leadin‚Ä¶,0,157,2021-08-02 23:59:04
289,"COVID19 does not care if you are conservative. Even if you do not die you risk long-term health issues. 
https://t.co/EUl2UjjcJX",2,1,2021-08-02 23:59:04
290,"RT @SenatorWarnock: As we continue to fight the impacts of the COVID-19 pandemic &amp; the rapidly spreading Delta variant, it‚Äôs imperative we‚Ä¶",0,166,2021-08-02 23:59:04
291,"RT @TheDemCoalition: Sen. Durbin says Ingraham and Carlson are ""anti-vax quacks"" and have circulated ""what I consider to be irresponsible i‚Ä¶",0,75,2021-08-02 23:59:04
292,"""Had the government delivered on its original timetable, Australia would almost certainly have been in a much stronger position, with shorter lockdowns and less draconian measures needed to quash the virus.""

https://t.co/y8uv06xU55",9,6,2021-08-02 23:59:04
293,"RT @AnaCabrera: NEW: 168 students and 3 teachers in quarantine after first week of school in Marion, Arkansas due to positive cases and pos‚Ä¶",0,5972,2021-08-02 23:59:04
294,RT @davenewworld_2: Anti-masker and COVID-denier David Byrd is a GOP representative from Tennessee who admits to suffering from COVID-19 fo‚Ä¶,0,1869,2021-08-02 23:59:04
295,"RT @kylegriffin1: BATON ROUGE, La. (AP) -- Louisiana reinstates indoor mask mandate, including in schools, as COVID-19 surges and restricti‚Ä¶",0,1554,2021-08-02 23:59:03
296,"@govuk Why do UK residents who have recovered from Covid-19 have to quarantine when returning from amber countries, especially if they have also had one vaccination? Will this change?",0,0,2021-08-02 23:59:03
297,"RT @PremierScottMoe: At 9 am today, CBC news posted a story containing the completely inaccurate and irresponsible statement that Saskatche‚Ä¶",0,403,2021-08-02 23:59:03
298,"RT @koestreicher34: Some notable Ravens absences on offense so far during 2021 training camp

- Lamar Jackson (COVID-19)
- Gus Edwards (COV‚Ä¶",0,24,2021-08-02 23:59:03
299,"RT @tomaskenn: It's wild that while Florida is leading nationwide in Covid-19 cases, hospitalizations, and deaths, Ron Desantis threatens t‚Ä¶",0,217,2021-08-02 23:59:03
300,"RT @1Obefiend: How many of your family members already died because of Covid-19?

I'll start.

9",0,3671,2021-08-02 23:59:03
301,"RT @POTUS: We are prepared to deal with the surge in COVID-19 cases like never before.  
 
Unlike a year ago, we have the ability to save l‚Ä¶",0,6686,2021-08-02 23:59:03
302,COVID-19 focus boosts Nikki Fried‚Äôs ‚Äònational platform‚Äô https://t.co/TcK85oYBsR,0,0,2021-08-02 23:59:03
303,RT @MarkMeadows: Biden and Harris want you to believe we‚Äôre in a COVID-19 emergency while they do nothing to stop this,0,2156,2021-08-02 23:59:03
304,Adult-onset Rasmussen‚Äôs Encephalitis. Post HSV and NMDA receptor encephalitis. COVID-19 GBS. Hemorrhagic toxoplasmosis. Spanish-speaking patients from three different continents. A procedure filled day (3/3 on LPs!). Just a sprinkling of the variety here @EmoryNeuroCrit üíï,9,0,2021-08-02 23:59:03
305,"RT @VickerySec: ‚ÄúOk, Mr. Employer, you don‚Äôt want to require your workforce to be vaccinated against covid-19 because it makes you feel may‚Ä¶",0,132,2021-08-02 23:59:03
306,"Struggling with the Delta variant, Vietnam has to force a change in vaccine policy ü¶†üíâüáªüá≥
https://t.co/pY2iybWebj",9,0,2021-08-02 23:59:03
307,RT @joncoopertweets: U.S. finally reaches milestone set by President Biden of 70% of adults with at least one COVID-19 shot https://t.co/Ol‚Ä¶,0,112,2021-08-02 23:59:03
308,"RT @TheInsiderPaper: ALERT - Top editor at the New York Times instructed Times staffers not to investigate the origins of COVID-19, two Tim‚Ä¶",0,569,2021-08-02 23:59:02
309,RT @tplohetski: BREAKING: Austin health officials say the city has now crossed into Stage 5 risk for COVID-19 spread.,0,2821,2021-08-02 23:59:02
310,"Three Riverside County supervisors quarantined after positive COVID-19 test.

Story by @JeffHorseman: https://t.co/gLzu8DkYT5 https://t.co/IZRaGzMtgy",1,1,2021-08-02 23:59:02
311,RT @joncoopertweets: U.S. finally reaches milestone set by President Biden of 70% of adults with at least one COVID-19 shot https://t.co/Ol‚Ä¶,0,112,2021-08-02 23:59:02
312,"RT @MartySilkHack: NEW: Queensland has recorded 16 new locally-acquired cases of COVID-19.

All linked to the west Brisbane cluster.

The t‚Ä¶",0,17,2021-08-02 23:59:02
313,"RT @AaronParnas: While Ron DeSantis has gone silent, @NikkiFried is giving daily briefings on COVID-19 and the status of the pandemic in Fl‚Ä¶",0,2417,2021-08-02 23:59:01
314,RT @ChuckCallesto: BREAKING REPORT:  74% of Covid-19 Cases in ‚ÄúCape Cod Cluster Outbreak‚Äù Were Fully Vaccinated...,0,2700,2021-08-02 23:59:01
315,"RT @tomaskenn: It's wild that while Florida is leading nationwide in Covid-19 cases, hospitalizations, and deaths, Ron Desantis threatens t‚Ä¶",0,217,2021-08-02 23:59:01
316,"Here is the COVID-19 update for July 30.  Numbers continue to climb as we begin this first week of August.  Stay vigilant and social distance, mask up, use hand washing, and get a vaccine!  For more details on upcoming vaccine clinics, go to https://t.co/UWjngh131x. https://t.co/DJr4NU3g7a",0,0,2021-08-02 23:59:01
317,RT @Pistachioverte: @BillFOXLA @FoxNews Same administration telling us how extremely concerned it is about COVID-19.  How serious are we ab‚Ä¶,0,121,2021-08-02 23:59:01
318,"RT @FoodBankCENC: üöõ Since COVID-19, the Food Bank has rented an additional 4 trucks &amp; 10 trailers to distribute more food.

üöõ Now this beau‚Ä¶",0,1,2021-08-02 23:59:00
319,@AndrewRCraig I think the vaccine reduces the externalities problem of COVID-19 in the same way that seatbelts reduce the externalities problem of drunk driving.,2,0,2021-08-02 23:59:00
320,"RT @LouisianaGov: Today, I am reinstating Louisiana‚Äôs statewide mask mandate indoors for all people ages 5 &amp; up as COVID-19 cases &amp; hospita‚Ä¶",0,1501,2021-08-02 23:59:00
321,"Education in the time of Covid-19, How can AI help? Read our CCO's inputs here https://t.co/JoeR8ixdxj
#education #EduTech #elearning #AI #COVID19",2,2,2021-08-02 23:59:00
322,"RT @DataDrivenMD: New Zealand PM @jacindaardern‚Äôs leadership during the COVID-19 pandemic has been masterful

News that she is feeling ill‚Ä¶",0,14,2021-08-02 23:59:00
323,"RT @POTUS: We are prepared to deal with the surge in COVID-19 cases like never before.  
 
Unlike a year ago, we have the ability to save l‚Ä¶",0,6686,2021-08-02 23:59:00
324,"RT @UNC: We strongly encourage all #UNC students, faculty and staff to get the COVID-19 vaccine as soon as possible and tell us when you ar‚Ä¶",0,17,2021-08-02 23:59:00
325,RT @tplohetski: BREAKING: Austin health officials say the city has now crossed into Stage 5 risk for COVID-19 spread.,0,2821,2021-08-02 23:59:00
326,Lindsey Graham Possibly Exposed Joe Manchin's Boat Party to COVID-19 https://t.co/WGlmP4Vr9J,2,1,2021-08-02 23:59:00
327,"RT @AnaCabrera: NEW: Kaiser Permanente, one of the nation‚Äôs largest health care providers, will require all of its physicians and employees‚Ä¶",0,3885,2021-08-02 23:58:59
328,"RT @GoodwinMJ: 2020 was the most violent year in America so far in 21st century with biggest increase in murder rate for decades. 21,000 pe‚Ä¶",0,21,2021-08-02 23:58:59
329,"RT @AnaCabrera: NEW: 168 students and 3 teachers in quarantine after first week of school in Marion, Arkansas due to positive cases and pos‚Ä¶",0,5972,2021-08-02 23:58:59
330,RT @BethanyinCBR: I‚Äôm happy to sign this petition to fine SkyNews. But I‚Äôd like to see this go further and see SkyNews banned altogether. S‚Ä¶,0,113,2021-08-02 23:58:59
331,"@sonofnels @davematt88 Yep. Important to take all that into account. 
https://t.co/gYdmQFSIgI",4,0,2021-08-02 23:58:59
332,"'People who do not want to be vaccinated may go elsewhere': Court sides with Indiana University on mandate, Indiana https://t.co/i7T5e8PLkW via @JCOnline",2,2,2021-08-02 23:58:59
333,RT @benitakolovos: Premier Daniel Andrews on rapid COVID-19 testing: ‚ÄúI won‚Äôt be taking advice from people on the front steps of parliament‚Ä¶,0,278,2021-08-02 23:58:59
334,"RT @ReallyAmerican1: If you‚Äôre a Republican Senator, your chances of testing positive for Covid-19 are higher than the general public.",0,387,2021-08-02 23:58:58
335,RT @joncoopertweets: U.S. finally reaches milestone set by President Biden of 70% of adults with at least one COVID-19 shot https://t.co/Ol‚Ä¶,0,112,2021-08-02 23:58:58
336,@KSNNews I'll take Covid 19 for the win.,0,0,2021-08-02 23:58:58
337,"RT @RonFilipkowski: Several area businesses are coming together to join Disney and require employees be vaccinated, and the anti-vaccers ar‚Ä¶",0,112,2021-08-02 23:58:57
338,"RT @RepSpeier: In order to qualify, renters must be financially impacted by COVID-19 &amp; have a household income at or below 80% of the Area‚Ä¶",0,57,2021-08-02 23:58:57
339,RT @ChuckCallesto: BREAKING REPORT:  74% of Covid-19 Cases in ‚ÄúCape Cod Cluster Outbreak‚Äù Were Fully Vaccinated...,0,2700,2021-08-02 23:58:57
340,"RT @EricHaftelLive: Four days ago, Senator Lindsey Graham mocked House Democrats for wearing masks.

Today, Senator Lindsey Graham has test‚Ä¶",0,371,2021-08-02 23:58:57
341,"RT @damullingstweet: Pelicans, you can get the COVID-19 vaccine at the Mona Aging and Wellness Center (Old Library) or National Arena from‚Ä¶",0,73,2021-08-02 23:58:57
342,"RT @BrettKelman: Tennessee is reporting an average of 2,325 COVID-19 infections per day, up 938% since July 1. Deaths per day up from 3 to‚Ä¶",0,475,2021-08-02 23:58:57
343,"https://t.co/oCXsy9Vk59

Excellent thread about vaccine hesitancy! Basically, our current Lugenpresse might unintentionally make people more hesitant to take the COVID-19 vaccine, with disastrous consequences!",1,1,2021-08-02 23:58:57
344,"RT @CNNPolitics: Top RNC official in Florida spreads Covid-19 conspiracies, calling vaccines the ""mark of the beast"" https://t.co/1RO8O4PyBA",0,390,2021-08-02 23:58:57
345,RT @POTUS: This morning I met with members of my COVID-19 response team as we continue to fight the Delta variant surging across the countr‚Ä¶,0,2280,2021-08-02 23:58:57
346,"RT @serena_patriot: Impeach Biden for what?

-Strong economy
-High rates of vaccination
-3 available COVID-19 vaccines
-America being respe‚Ä¶",0,1361,2021-08-02 23:58:56
347,"RT @EricHaftelLive: Four days ago, Senator Lindsey Graham mocked House Democrats for wearing masks.

Today, Senator Lindsey Graham has test‚Ä¶",0,371,2021-08-02 23:58:56
348,RT @joncoopertweets: 'Do it for the people you care about': Florida woman urges people to get vaccinated after losing her dad and brother t‚Ä¶,0,93,2021-08-02 23:58:56
349,"RT @EricHaftelLive: Four days ago, Senator Lindsey Graham mocked House Democrats for wearing masks.

Today, Senator Lindsey Graham has test‚Ä¶",0,371,2021-08-02 23:58:56
350,RT @HansMahncke: ‚ÄúWe have uncovered strong evidence that suggests Peter Daszak is the public face of a CCP disinformation campaign designed‚Ä¶,0,231,2021-08-02 23:58:56
351,"RT @mercola: A new bill would allow the federal government to decide what constitutes misinformation, sound good to you?
https://t.co/ocNR2‚Ä¶",0,190,2021-08-02 23:58:55
352,RT @BordersAgainst: This equates to an average of 920 deaths occurring every month due to the Covid-19 vaccines in Scotland alone. Outnumbe‚Ä¶,0,56,2021-08-02 23:58:55
353,"RT @mmpadellan: BREAKING: Senator Lindsey Graham has tested positive for COVID-19.

Still testing negative for spine, tho.",0,6425,2021-08-02 23:58:55
354,RT @OANN: Biden COVID adviser: face masks don‚Äôt help much from COVID-19 - https://t.co/a7aLe7wGeU #OANN,0,414,2021-08-02 23:58:55
355,"RT @josh_tep: Hey, everyone.  As you may know, my dad recently passed away from COVID-19 related complications.  I‚Äôve lowered the reserve o‚Ä¶",0,155,2021-08-02 23:58:55
356,"RT @AaronParnas: While Ron DeSantis has gone silent, @NikkiFried is giving daily briefings on COVID-19 and the status of the pandemic in Fl‚Ä¶",0,2417,2021-08-02 23:58:55
357,"RT @AnaCabrera: NEW: Kaiser Permanente, one of the nation‚Äôs largest health care providers, will require all of its physicians and employees‚Ä¶",0,3885,2021-08-02 23:58:55
358,"RT @AnaCabrera: NEW: 168 students and 3 teachers in quarantine after first week of school in Marion, Arkansas due to positive cases and pos‚Ä¶",0,5972,2021-08-02 23:58:55
359,RT @RapSheet: The #Dolphins activated WR DeVante Parker off the PUP list‚Ä¶ but placed WR Preston Williams on the reserve/COVID-19 list.,0,87,2021-08-02 23:58:54
360,RT @axios: Louisiana Gov. John Bel Edwards has announced that the state is reinstating a temporary indoor mask mandate for all people ages‚Ä¶,0,763,2021-08-02 23:58:54
361,"RT @mmpadellan: BREAKING: Senator Lindsey Graham has tested positive for COVID-19.

Still testing negative for spine, tho.",0,6425,2021-08-02 23:58:54
362,The FDA Finally Gets Moving on Pfizer https://t.co/HoyVEz0Cs3,0,0,2021-08-02 23:58:53
363,"RT @tomaskenn: It's wild that while Florida is leading nationwide in Covid-19 cases, hospitalizations, and deaths, Ron Desantis threatens t‚Ä¶",0,217,2021-08-02 23:58:53
364,RT @GeorgeTakei: The kind and the conscientious have endured a great deal in America of late. Not only a pandemic of Covid-19 but twin canc‚Ä¶,0,450,2021-08-02 23:58:53
365,"""Any increase in the number of individuals being vaccinated at this point is very welcome news,"" said infectious disease specialist Dr. Soniya Gandhi. https://t.co/5gsO3hzK2v",15,6,2021-08-02 23:58:53
366,RT @Eusebius: I'm ENORMOUSLY grateful for brilliant pulmonologist Dr @SkosanaDr who saved my life with his excellence. I was hospitalised w‚Ä¶,0,258,2021-08-02 23:58:53
367,RT @christufton: Got your COVID-19 vaccine? Then repost this image! Show the world that you are committed to protecting lives and ending th‚Ä¶,0,467,2021-08-02 23:58:52
368,RT @Annakhait: The world has been lied to about covid-19.,0,1673,2021-08-02 23:58:52
369,"RT @WMUR9: Doctors: Unvaccinated COVID-19 patients filling up hospitals, risking care of others https://t.co/bhdIjIPbrU",0,4,2021-08-02 23:58:52
370,RT @JDeanWilliams: Can‚Äôt believe COVID-19 was renewed for season 2.,0,1235,2021-08-02 23:58:52
371,RT @WFLA: 'What are you waiting for?': Nikki Fried says Gov. DeSantis needs to issue an emergency order for COVID-19 https://t.co/7MTKDCl9n‚Ä¶,0,297,2021-08-02 23:58:52
372,RT @ChuckCallesto: BREAKING REPORT:  74% of Covid-19 Cases in ‚ÄúCape Cod Cluster Outbreak‚Äù Were Fully Vaccinated...,0,2700,2021-08-02 23:58:52
373,"RT @serena_patriot: Impeach Biden for what?

-Strong economy
-High rates of vaccination
-3 available COVID-19 vaccines
-America being respe‚Ä¶",0,1361,2021-08-02 23:58:52
374,"RT @EthanBearman: I'll never forget 4/23/20 when TFG suggested ""light inside the body"" and disinfectant ""by injection"" to stop COVID-19, no‚Ä¶",0,1234,2021-08-02 23:58:51
375,RT @UniversitySATX: SPREAD THE WORD! University will be hosting a Vaccination Clinic for all students (K-12th Grade) who would like to rece‚Ä¶,0,5,2021-08-02 23:58:50
376,"A Thai hospital morgue overwhelmed by COVID-19 deaths has begun storing bodies in refrigerated containers, resorting to a measure it last took in a devastating 2004 tsunami, as the country grapples with its biggest coronavirus outbreak.

Thailand on Saturday (Jul 31) reported",0,0,2021-08-02 23:58:50
377,"RT @AnaCabrera: NEW: Kaiser Permanente, one of the nation‚Äôs largest health care providers, will require all of its physicians and employees‚Ä¶",0,3885,2021-08-02 23:58:50
378,"RT @Jade_Murray: YES, there is an association between maternal covid-19  and premature deliveries. These babies end up on ventilators, have‚Ä¶",0,35,2021-08-02 23:58:50
379,"RT @AnaCabrera: NEW: Kaiser Permanente, one of the nation‚Äôs largest health care providers, will require all of its physicians and employees‚Ä¶",0,3885,2021-08-02 23:58:49
380,"RT @EricHaftelLive: Four days ago, Senator Lindsey Graham mocked House Democrats for wearing masks.

Today, Senator Lindsey Graham has test‚Ä¶",0,371,2021-08-02 23:58:49
381,"RT @POTUS: We are prepared to deal with the surge in COVID-19 cases like never before.  
 
Unlike a year ago, we have the ability to save l‚Ä¶",0,6686,2021-08-02 23:58:49
382,"NEW: Queensland has recorded 16 new locally-acquired cases of COVID-19.

All linked to the west Brisbane cluster.

The total number of cases in the west Brisbane Delta cluster is now 47.",18,17,2021-08-02 23:58:49
383,RT @Jade_Murray: I need yal to know this is happening here in T&amp;T. A 31-week baby had to be ripped from the mother‚Äôs womb today because she‚Ä¶,0,266,2021-08-02 23:58:49
384,RT @loveme92871244: UAE rolls out Sinopharm COVID-19 vaccine to children aged 3-17 https://t.co/NHnl218jNp,0,2,2021-08-02 23:58:49
385,Restaurants face uncertainty with new surge in COVID-19¬†cases https://t.co/qNGHEMY7c7,0,0,2021-08-02 23:58:49
386,RT @TODAYonline: Covid-19: Hong Kong announces compulsory vaccines for key sectors https://t.co/7dXoNEF0rW https://t.co/7pwuC7AmoW,0,60,2021-08-02 23:58:49
387,"‚ÄúBecause of COVID-19, in order to protect inmates that are already in custody, sanitation is a big part of what happens,‚Äù Lindsay said.

I can already see where this is going... https://t.co/wa3gkDhque",0,0,2021-08-02 23:58:49
388,RT @MobilePunch: Third wave: FG threatens 'stringent measures' as COVID-19 cases rise - Punch Newspapers https://t.co/cKxCBwIZs9,0,4,2021-08-02 23:58:48
389,"RT @AnaCabrera: NEW: Kaiser Permanente, one of the nation‚Äôs largest health care providers, will require all of its physicians and employees‚Ä¶",0,3885,2021-08-02 23:58:48
390,"RT @AnaCabrera: NEW: Kaiser Permanente, one of the nation‚Äôs largest health care providers, will require all of its physicians and employees‚Ä¶",0,3885,2021-08-02 23:58:48
391,RT @Mujeebtalks: @Shafqat_Mahmood should stop playing with the lives of students. Sindh Govt has imposed a lockdown due to increasing cases‚Ä¶,0,383,2021-08-02 23:58:48
392,RT @Annakhait: The world has been lied to about covid-19.,0,1673,2021-08-02 23:58:48
393,RT @ClueHeywood: BREAKING: Covid-19 has joined the SEC https://t.co/t3tX5RYCXZ,0,1303,2021-08-02 23:58:47
394,"RT @9NewsQueensland: #LIVE: QLD Deputy Premier Steven Miles, Health Minister Yvette D'Ath, and Chief Health Officer Jeanette Young are givi‚Ä¶",0,4,2021-08-02 23:58:47
395,"RT @tomaskenn: It's wild that while Florida is leading nationwide in Covid-19 cases, hospitalizations, and deaths, Ron Desantis threatens t‚Ä¶",0,217,2021-08-02 23:58:47
396,"RT @SFGate: ""Visitors stay indoors for prolonged periods, mingling with others from all over the country,"" reads the news release.¬†

""Masks‚Ä¶",0,182,2021-08-02 23:58:47
397,"RT @tomaskenn: It's wild that while Florida is leading nationwide in Covid-19 cases, hospitalizations, and deaths, Ron Desantis threatens t‚Ä¶",0,217,2021-08-02 23:58:47
398,"RT @TheInsiderPaper: ALERT - Top editor at the New York Times instructed Times staffers not to investigate the origins of COVID-19, two Tim‚Ä¶",0,569,2021-08-02 23:58:46
399,@KJP46 FACT: The COVID-19 vaccines are working. Do tell... https://t.co/MqZyv4mkRG,0,0,2021-08-02 23:58:46
400,RT @JeromeBettis36: Part 1: It is important for me to let you all know that I recently tested positive for COVID-19. I‚Äôm currently in isola‚Ä¶,0,306,2021-08-02 23:58:46
401,"RT @DASimmigration: While @USEmbassyCairo interview various immigrant visa categories, the embassy uses COVID-19 as a tool to suspend #DV20‚Ä¶",0,126,2021-08-02 23:58:46
402,"Should we vaccinate children against COVID-19? We asked 5 experts https://t.co/UwwcfGuIJH via @ConversationEDU 
#DeltaVariant 
#MorrisonFailure 
#MorrisonVaccineCrisis 
#Auspol #LNPfail",0,0,2021-08-02 23:58:46
403,"RT @nataliegwinters: COVID-19 ""experts"" like @PeterDaszak should face criminal prosecution.

They lied. People died. https://t.co/JeVYKpz1Js",0,409,2021-08-02 23:58:46
404,@IMFNews @WorldBank @WHO @wto Covid-19 Test is mandatory. All the Countries should follow the Test rules and laws.,0,1,2021-08-02 23:58:45
405,"RT @POTUS: We are prepared to deal with the surge in COVID-19 cases like never before.  
 
Unlike a year ago, we have the ability to save l‚Ä¶",0,6686,2021-08-02 23:58:45
406,RT @JeanmarcBenoit: Article from Israel re ivermectin efficacy. Cites RCT on the drug showing viral clearance. Cites FDA and WHO statements‚Ä¶,0,72,2021-08-02 23:58:45
407,RT @ChuckCallesto: BREAKING REPORT:  74% of Covid-19 Cases in ‚ÄúCape Cod Cluster Outbreak‚Äù Were Fully Vaccinated...,0,2700,2021-08-02 23:58:45
408,RT @ndtv: Millions Under #COVID19 Lockdown As China Battles Delta Variant Outbreak https://t.co/dcIF52bBU3 https://t.co/Q3RNgkeGub,0,11,2021-08-02 23:58:45
409,"RT @YesItsM97576245: You can count on Orange County to be hot zone 
There has been a 900% increase in gene copies of COVID-19 virus in Oran‚Ä¶",0,3,2021-08-02 23:58:44
410,"RT @EricHaftelLive: Four days ago, Senator Lindsey Graham mocked House Democrats for wearing masks.

Today, Senator Lindsey Graham has test‚Ä¶",0,371,2021-08-02 23:58:44
411,RT @ChuckCallesto: BREAKING REPORT:  74% of Covid-19 Cases in ‚ÄúCape Cod Cluster Outbreak‚Äù Were Fully Vaccinated...,0,2700,2021-08-02 23:58:44
412,"@GailAnon79 @Zieleds @HMe1st I'm hearing this is a false meme. That it doesn't say anything about covid 19 in the book nor the Lock Step plan. I'm listening to it on audio right now. I saw this posted by someone else yesterday and many in the comments who are not leftists, are saying this was false. Though",1,0,2021-08-02 23:58:44
413,"RT @Koreaboo: Fans Celebrate As TREASURE‚Äôs Doyoung and Junghwan Make Their First Public Appearance Since COVID-19 Diagnosis

https://t.co/C‚Ä¶",0,2359,2021-08-02 23:58:44
414,RT @WFLA: 'What are you waiting for?': Nikki Fried says Gov. DeSantis needs to issue an emergency order for COVID-19 https://t.co/7MTKDCl9n‚Ä¶,0,297,2021-08-02 23:58:44
415,"RT @BillFOXLA: BREAKING: The Biden Administration has renewed/extended Title 42, the Trump era COVID-19 policy that allows  migrants to be‚Ä¶",0,1160,2021-08-02 23:58:43
416,"RT @AaronParnas: Breaking: Florida is now reporting 10,389 total COVID-19 related hospitalizations. 

This is another new record. #GetVacci‚Ä¶",0,511,2021-08-02 23:58:43
417,"RT @lapetitemaligne: Singapore team finds drug cocktail effective against Covid-19 Delta variant, Health News &amp; Top Stories - The Straits T‚Ä¶",0,23,2021-08-02 23:58:43
418,"RT @1Obefiend: How many of your family members already died because of Covid-19?

I'll start.

9",0,3671,2021-08-02 23:58:43
419,Lindsey Graham 1st vaccinated senator to test positive for COVID-19 https://t.co/4pQxuxPHdE,0,0,2021-08-02 23:58:43
420,"RT @mmpadellan: BREAKING: Senator Lindsey Graham has tested positive for COVID-19.

Still testing negative for spine, tho.",0,6425,2021-08-02 23:58:43
421,"HE SPOKE FOR t-RUMP, NOW HE SPEAKS TO &gt;YOU&lt; !!! - Trump's COVID-19 testing czar warns the unvaccinated: 'You‚Äôre going to get the delta variant' !!! https://t.co/N43KfvAZ5N",0,0,2021-08-02 23:58:43
422,"RT @POTUS: We are prepared to deal with the surge in COVID-19 cases like never before.  
 
Unlike a year ago, we have the ability to save l‚Ä¶",0,6686,2021-08-02 23:58:42
423,"RT @josh_tep: Hey, everyone.  As you may know, my dad recently passed away from COVID-19 related complications.  I‚Äôve lowered the reserve o‚Ä¶",0,155,2021-08-02 23:58:42
424,RT @ChuckCallesto: BREAKING REPORT:  74% of Covid-19 Cases in ‚ÄúCape Cod Cluster Outbreak‚Äù Were Fully Vaccinated...,0,2700,2021-08-02 23:58:42
425,"RT @AnaCabrera: NEW: 168 students and 3 teachers in quarantine after first week of school in Marion, Arkansas due to positive cases and pos‚Ä¶",0,5972,2021-08-02 23:58:42
426,"RT @tomaskenn: It's wild that while Florida is leading nationwide in Covid-19 cases, hospitalizations, and deaths, Ron Desantis threatens t‚Ä¶",0,217,2021-08-02 23:58:42
427,RT @RapSheet: The #Dolphins activated WR DeVante Parker off the PUP list‚Ä¶ but placed WR Preston Williams on the reserve/COVID-19 list.,0,87,2021-08-02 23:58:42
428,"RT @1Obefiend: How many of your family members already died because of Covid-19?

I'll start.

9",0,3671,2021-08-02 23:58:41
429,"RT @KHOU: JUST IN: Harris County District Attorney Kim Ogg says she has tested positive for COVID-19, the @HarrisCountyDAO¬†tweeted this eve‚Ä¶",0,9,2021-08-02 23:58:41
430,"RT @BillFOXLA: BREAKING: The Biden Administration has renewed/extended Title 42, the Trump era COVID-19 policy that allows  migrants to be‚Ä¶",0,1160,2021-08-02 23:58:41
431,"RT @POTUS: We are prepared to deal with the surge in COVID-19 cases like never before.  
 
Unlike a year ago, we have the ability to save l‚Ä¶",0,6686,2021-08-02 23:58:41
432,RT @ChannelNewsAsia: Hong Kong announces compulsory COVID-19 vaccines for key sectors https://t.co/21tIlkmd57 https://t.co/TK4rzAduyR,0,62,2021-08-02 23:58:41
433,RT @christufton: Got your COVID-19 vaccine? Then repost this image! Show the world that you are committed to protecting lives and ending th‚Ä¶,0,467,2021-08-02 23:58:41
434,"RT @news_ntd: ‚ÄúI believe it‚Äôs time to completely dismiss the wet market as the source of the outbreak.‚Äù

House Republicans have released an‚Ä¶",0,18,2021-08-02 23:58:41
435,RT @joncoopertweets: U.S. finally reaches milestone set by President Biden of 70% of adults with at least one COVID-19 shot https://t.co/Ol‚Ä¶,0,112,2021-08-02 23:58:41
436,"RT @Covid19Critical: This just in from the @WSJ. We are heard!

RT this a thousand times if you must!

https://t.co/JBnqlXTYOi",0,6916,2021-08-02 23:58:41
437,"RT @LesStonehouse: I'm not kidding.. I'm not making this up... Google if you don't believe me... But

But

Here goes

Are you ready for it?‚Ä¶",0,47,2021-08-02 23:58:41
438,"RT @SethAbramson: BUSINESS INSIDER: Senator Ron Johnson (R-WI) Would Support Vaccine Mandate for An ""Incredibly Deadly"" Virus‚ÄîBut Not COVID‚Ä¶",0,514,2021-08-02 23:58:40
439,"RT @DrCraigEmerson: The delta variant of Covid-19 entered Australia via an unvaccinated, unmasked limousine driver transporting an overseas‚Ä¶",0,619,2021-08-02 23:58:40
440,"Proud of my mush-headed Senator for being able to wear pants on any given day. Can't wait to vote for anybody against him. Fuck, I'd vote for the literal ALF puppet at this point.

https://t.co/yPYgct2hjt",0,0,2021-08-02 23:58:40
441,RT @PostOpinions: New congressional report says covid-19 likely emerged in Wuhan months earlier than originally thought. @JoshRogin has the‚Ä¶,0,14,2021-08-02 23:58:40
442,"#Us spends $87m to fight COVID-19 in ... | Ed ... 

https://t.co/5lZVcZjwH1
#Charg√©DAffairesKathleenFitzGibbon #COVID19 #VaccineDoses https://t.co/aa2ptUVvtI",0,0,2021-08-02 23:58:39
443,"RT @rdasc: ùüÆùü¨ùüÆùü≠ ùóñùó¢ùó©ùóúùóó-ùü≠ùüµ ùóïùòÇùòÄùó∂ùóªùó≤ùòÄùòÄ ùó¶ùòÇùóΩùóΩùóºùóøùòÅ ùóöùóøùóÆùóªùòÅùòÄ - The Qld Government has announced that $5,000 grants will be made available to small and‚Ä¶",0,3,2021-08-02 23:58:39
444,"RT @SkyNews: ""After weeks of pressure, and just a fortnight before the self-isolation rules change fundamentally, the decision to tweak the‚Ä¶",0,13,2021-08-02 23:58:39
445,RT @tplohetski: BREAKING: Austin health officials say the city has now crossed into Stage 5 risk for COVID-19 spread.,0,2821,2021-08-02 23:58:39
446,"‚Å¶@LindseyGrahamSC‚Å© as your buddy would say, IT IS WHAT IT IS!

Lindsey Graham tests positive for Covid-19 and has had ""flu-like symptoms"" despite being vaccinated | CNN https://t.co/bZ71bd8RCs",0,0,2021-08-02 23:58:38
447,RT @DWUhlfelderLaw: More lines in Florida to get COVID-19 tests https://t.co/PJHfso8qXe,0,609,2021-08-02 23:58:38
448,"Inside a COVID-only intensive care unit at Jackson Memorial Hospital in Miami, all eight beds are filled with patients.
Six of the eight patients are younger than 50 years old. None of them are vaccinated against COVID-19. Time to get vaccinated--- and mask up indoors.",1,0,2021-08-02 23:58:38
449,RT @davenewworld_2: Anti-masker and COVID-denier David Byrd is a GOP representative from Tennessee who admits to suffering from COVID-19 fo‚Ä¶,0,1869,2021-08-02 23:58:38
450,RT @OANN: Biden COVID adviser: face masks don‚Äôt help much from COVID-19 - https://t.co/a7aLe7wGeU #OANN,0,414,2021-08-02 23:58:38
451,RT @AnaCabrera: More than 99.99% of people fully vaccinated against Covid-19 have not had a breakthrough case resulting in hospitalization‚Ä¶,0,4912,2021-08-02 23:58:38
452,RT @BNODesk: BREAKING: Number of people hospitalized with COVID-19 in Louisiana reaches all-time high https://t.co/rXpye9VCFM https://t.co/‚Ä¶,0,423,2021-08-02 23:58:38
453,"RT @styleN41774890: 74% of Covid-19 Cases in ""Cape Cod Cluster Outbreak"" Were Fully Vaccinated https://t.co/592Y51vOT0 @gatewaypundit„Çà„Çä",0,2,2021-08-02 23:58:37
454,RT @risto_kuosa: Texas doctor warns COVID-19 cases are rising among children | TheHill https://t.co/NS6vMd5uwV,0,6,2021-08-02 23:58:37
455,"RT @Elohim_Gadol: Get your kids out of the public school &amp; do not comply with these covid-19 mandates. 

That's all",0,30,2021-08-02 23:58:37
456,RT @tplohetski: BREAKING: Austin health officials say the city has now crossed into Stage 5 risk for COVID-19 spread.,0,2821,2021-08-02 23:58:37
457,"RT @Weinsteinlaw: Florida reported 21,683 new cases of COVID-19 today, the state‚Äôs highest one-day total since the start of the pandemic, w‚Ä¶",0,1010,2021-08-02 23:58:37
458,"RT @ron_begone: Ron DeSantis is actively concealing COVID-19 data from the public. 

It‚Äôs time to fire Ron. #RonBeGone",0,403,2021-08-02 23:58:37
459,RT @Annakhait: The world has been lied to about covid-19.,0,1673,2021-08-02 23:58:37
460,"RT @AnaCabrera: NEW: Kaiser Permanente, one of the nation‚Äôs largest health care providers, will require all of its physicians and employees‚Ä¶",0,3885,2021-08-02 23:58:37
461,"RT @DrTedros: I‚Äôm glad that you‚Äôve been discharged from the hospital, @btob2mh! Wishing you a speedy and full recovery.
Thank you for shari‚Ä¶",0,2322,2021-08-02 23:58:37
462,"RT @AnaCabrera: NEW: Kaiser Permanente, one of the nation‚Äôs largest health care providers, will require all of its physicians and employees‚Ä¶",0,3885,2021-08-02 23:58:37
463,RT @BethanyinCBR: I‚Äôm happy to sign this petition to fine SkyNews. But I‚Äôd like to see this go further and see SkyNews banned altogether. S‚Ä¶,0,113,2021-08-02 23:58:36
464,RT @WSJ: From @WSJopinion: Gavin Newsom has become the fall guy for Sacramento Democrats who have put progressive ideology over common sens‚Ä¶,0,16,2021-08-02 23:58:36
465,RT @joncoopertweets: U.S. finally reaches milestone set by President Biden of 70% of adults with at least one COVID-19 shot https://t.co/Ol‚Ä¶,0,112,2021-08-02 23:58:36
466,Canada to receive 2.3 million COVID-19 vaccine doses this week https://t.co/LngZSzShER,0,0,2021-08-02 23:58:36
467,RT @KVUE: ICU capacity is low and #Austin has reached the threshold for Stage 5. Listen as leaders give a COVID-19 update. Watch live: http‚Ä¶,0,41,2021-08-02 23:58:36
468,"@RFI_Cn üî∫ The origin of COVID-19 over time and the accumulation of evidence has focused the world's attention on the U.S. Fort Detrick Virus biological laboratory.

üî∫NOTE:
Are questioned, for reference only, to avoid violations!

#USA #COVID19
‚Üò... https://t.co/sOO5vWPiZ1",0,0,2021-08-02 23:58:36
469,"RT @Supt_Hoffman: As schools across Arizona are welcoming back students, school leaders are doing all they can to keep their communities sa‚Ä¶",0,122,2021-08-02 23:58:36
470,"RT @sandra8301: Stay away From vaccinated 
They‚Äôre becoming ill

2 major San Francisco hospitals reported that 233 staff members tested pos‚Ä¶",0,18,2021-08-02 23:58:36
471,"RT @EricHaftelLive: Four days ago, Senator Lindsey Graham mocked House Democrats for wearing masks.

Today, Senator Lindsey Graham has test‚Ä¶",0,371,2021-08-02 23:58:35
472,"RT @michaelcdeibert: Mr Lordi, singer of Finnish heavy metal band Lordi, receives his second dose of Covid-19 vaccine in Rovaniemi, Finland‚Ä¶",0,9106,2021-08-02 23:58:35
473,"The report cites 'ample evidence' that the lab ‚Äì aided by #US experts and Chinese and US government funds ‚Äì was working to modify coronaviruses to infect humans.

#MNow #Covid19 #Wuhan #LabTheory 
https://t.co/ubr62IURBP",0,0,2021-08-02 23:58:34
474,"RT @DiscussingFilm: #WhatIf Season 1 will only have 9 episodes due to COVID-19.

The episode count was initially 10 but one episode was mov‚Ä¶",0,299,2021-08-02 23:58:34
475,"RT @AaronParnas: While Ron DeSantis has gone silent, @NikkiFried is giving daily briefings on COVID-19 and the status of the pandemic in Fl‚Ä¶",0,2417,2021-08-02 23:58:34
476,"RT @POTUS: We are prepared to deal with the surge in COVID-19 cases like never before.  
 
Unlike a year ago, we have the ability to save l‚Ä¶",0,6686,2021-08-02 23:58:33
477,"New Zealand PM @jacindaardern‚Äôs leadership during the COVID-19 pandemic has been masterful

News that she is feeling ill is a bit unnerving, especially since NZ has had no community spread since February.

I hope she tests negative, and that she makes a full and speedy recovery. https://t.co/lqskueh0PU",129,14,2021-08-02 23:58:33
478,"Here‚Äôs what the Utah Department of Health officially recommends for students going back to school as COVID-19 continues

https://t.co/1cadZNUA2b https://t.co/YpwSfzHTfT",0,1,2021-08-02 23:58:33
479,"RT @ron_begone: Because of Ron DeSantis‚Äô negligence, COVID-19 is surging in Florida. Now more than ever, Floridians need a Governor who is‚Ä¶",0,1301,2021-08-02 23:58:33
480,Canada to receive 2.3 million COVID-19 vaccine doses this week https://t.co/0qrtWxYCaQ,0,0,2021-08-02 23:58:33
481,RT @SexCounseling: Who owns the patent for COVID-19?,0,1910,2021-08-02 23:58:33
482,RT @ChuckCallesto: BREAKING REPORT:  74% of Covid-19 Cases in ‚ÄúCape Cod Cluster Outbreak‚Äù Were Fully Vaccinated...,0,2700,2021-08-02 23:58:33
483,"RT @POTUS: We are prepared to deal with the surge in COVID-19 cases like never before.  
 
Unlike a year ago, we have the ability to save l‚Ä¶",0,6686,2021-08-02 23:58:33
484,"RT @jomareewade: This is how to do a headline:

""Less than 1% of fully vaccinated people experience a breakthrough Covid-19 infection""

htt‚Ä¶",0,79,2021-08-02 23:58:33
485,RT @tplohetski: BREAKING: Austin health officials say the city has now crossed into Stage 5 risk for COVID-19 spread.,0,2821,2021-08-02 23:58:32
486,"RT @RockNRollPics: Paul McCartney getting his COVID-19 vaccine, 2021. https://t.co/yfCFK0NTXm",0,614,2021-08-02 23:58:32
487,RT @SexCounseling: Who owns the patent for COVID-19?,0,1910,2021-08-02 23:58:32
488,RT @Trump_Detester: Breaking: Trump‚Äôs dog has tested positive for COVID-19. https://t.co/k8CoLwDCdK,0,99,2021-08-02 23:58:31
489,"RT @Pulsa48: ‚ÄòGet on board or move along‚Äô: Chicago bars, restaurants start serving vaccinated only, requiring masks amid COVID-19 burst htt‚Ä¶",0,2,2021-08-02 23:58:31
490,"RT @AnaCabrera: NEW: Kaiser Permanente, one of the nation‚Äôs largest health care providers, will require all of its physicians and employees‚Ä¶",0,3885,2021-08-02 23:58:31
491,RT @DWUhlfelderLaw: More lines in Florida to get COVID-19 tests https://t.co/PJHfso8qXe,0,609,2021-08-02 23:58:30
492,RT @BNODesk: BREAKING: Number of people hospitalized with COVID-19 in Louisiana reaches all-time high https://t.co/rXpye9VCFM https://t.co/‚Ä¶,0,423,2021-08-02 23:58:30
493,"RT @AnaCabrera: NEW: 168 students and 3 teachers in quarantine after first week of school in Marion, Arkansas due to positive cases and pos‚Ä¶",0,5972,2021-08-02 23:58:30
494,RT @TU_Muenchen: A team of researchers has now proven that the #antibody response with a mix-and-match Covid-19 #vaccination is much strong‚Ä¶,0,4,2021-08-02 23:58:30
495,Canada to receive 2.3 million COVID-19 vaccine doses this week https://t.co/169ssXN8Og,2,0,2021-08-02 23:58:30
496,RT @thehill: More than a million people under new lockdown in China amid COVID-19 outbreak https://t.co/JnGAfHGm8s https://t.co/q0TV4PMEQE,0,52,2021-08-02 23:58:30
497,"RT @1Obefiend: How many of your family members already died because of Covid-19?

I'll start.

9",0,3671,2021-08-02 23:58:30
498,"@William27693941
We have Mother Natures only vaccine.
US surpasses 35 million COVID-19 cases #NewsBreak  https://t.co/9VdUl93RBH",1,0,2021-08-02 23:58:30
499,"RT @kylegriffin1: 70% of adults in the U.S. have gotten at least one dose of the COVID-19 vaccine as of Monday, according to the White Hous‚Ä¶",0,664,2021-08-02 23:58:30
500,RT @PattyMurray: The science and experts agree: the COVID-19 vaccines are safe and effective‚Äîand it‚Äôs incredibly important that you get one.,0,358,2021-08-02 23:58:30
501,"RT @serena_patriot: Impeach Biden for what?

-Strong economy
-High rates of vaccination
-3 available COVID-19 vaccines
-America being respe‚Ä¶",0,1361,2021-08-02 23:58:29
502,"RT @joshrogin: New congressional report says covid-19 likely emerged in Wuhan in SEPTEMBER 2019, not December https://t.co/0ZDnggrIBv by me‚Ä¶",0,632,2021-08-02 23:58:29
503,"@denniallen @3wombats @BlackDouglas I wish you well with your ""vax"". 
However, just to let you know, #ivermectin has been used in people for decades as an anti-paracitic, &amp; in those areas of Africa there is virtually no COVID-19. It's also used for Scabies-a French nursing home, where it was used, had only one C19",1,0,2021-08-02 23:58:29
504,RT @MailOnline: COVID-19 'breakthrough' cases are rare: Only about 0.004% of fully vaccinated Americans have been hospitalized with the vir‚Ä¶,0,54,2021-08-02 23:58:29
505,RT @SexCounseling: Who owns the patent for COVID-19?,0,1910,2021-08-02 23:58:28
506,RT @Arlo79927091: 31% of Republicans say they are unlikely to ever get the COVID-19 vaccine: poll https://t.co/URJout4oXP via @Yahoo  guerr‚Ä¶,0,1,2021-08-02 23:58:28
507,"RT @CDCgov: As of August 2, more than 191.8 million people have received at least one dose of a #COVID19 vaccine. Of those, 164.9 million a‚Ä¶",0,188,2021-08-02 23:58:28
508,"@Graham4GA @cmckinneymd @strugglebusohmy How about this? A total of five people were hospitalized, four of whom were fully vaccinated. Two of the four fully vaccinated patients had underlying medical conditions.

only one person who wasn't vaccinated was hospitalized. The numbers do not add up

https://t.co/Dz6B6jVVzp",1,1,2021-08-02 23:58:28
509,"RT @CNNPolitics: Top RNC official in Florida spreads Covid-19 conspiracies, calling vaccines the ""mark of the beast"" https://t.co/1RO8O4PyBA",0,390,2021-08-02 23:58:28
510,RT @ChuckCallesto: BREAKING REPORT:  74% of Covid-19 Cases in ‚ÄúCape Cod Cluster Outbreak‚Äù Were Fully Vaccinated...,0,2700,2021-08-02 23:58:28
511,"RT @VickerySec: ‚ÄúOk, Mr. Employer, you don‚Äôt want to require your workforce to be vaccinated against covid-19 because it makes you feel may‚Ä¶",0,132,2021-08-02 23:58:28
512,"RT @Sandra__Pyke: #mohdelivers
@MinofHealthUG has launched a self-service portal for individuals fully vaccinated against Covid 19 to acces‚Ä¶",0,91,2021-08-02 23:58:27
513,"RT @RedCross: As the Delta variant spreads, it's more important than ever to get vaccinated. This is the best way you can protect children‚Ä¶",0,60,2021-08-02 23:58:27
514,RT @KJP46: FACT: The COVID-19 vaccines are working.,0,431,2021-08-02 23:58:27
515,"RT @AnaCabrera: NEW: Kaiser Permanente, one of the nation‚Äôs largest health care providers, will require all of its physicians and employees‚Ä¶",0,3885,2021-08-02 23:58:27
516,"RT @CBSDFW: Texas is seeing numbers of new cases it hasn't seen in five months. There were 13,100 new cases reported Friday. https://t.co/e‚Ä¶",0,92,2021-08-02 23:58:27
517,"RT @Alaska_DHSS: ""I want us to be among each other, that is why I got the shot. I love the people I am with."" Thank you to the @AKPIRG @npa‚Ä¶",0,10,2021-08-02 23:58:27
518,Canada to receive 2.3 million COVID-19 vaccine doses this week https://t.co/6VYyfnBWqh,2,0,2021-08-02 23:58:26
519,"RT @AnaCabrera: NEW: Kaiser Permanente, one of the nation‚Äôs largest health care providers, will require all of its physicians and employees‚Ä¶",0,3885,2021-08-02 23:58:26
520,RT @ChuckCallesto: BREAKING REPORT:  74% of Covid-19 Cases in ‚ÄúCape Cod Cluster Outbreak‚Äù Were Fully Vaccinated...,0,2700,2021-08-02 23:58:26
521,"RT @dakotanews_now: According to the Fargo Forum report, 100% of residents are fully vaccinated but only 61% of the staff are vaccinated. h‚Ä¶",0,2,2021-08-02 23:58:26
522,"RT @serena_patriot: Impeach Biden for what?

-Strong economy
-High rates of vaccination
-3 available COVID-19 vaccines
-America being respe‚Ä¶",0,1361,2021-08-02 23:58:25
523,RT @bonespur_cadet: Tennessee GOP rep who rejected masks now says COVID-19 is real and dangerous after his 8-month battle with the virus ht‚Ä¶,0,12,2021-08-02 23:58:25
524,RT @Annakhait: The world has been lied to about covid-19.,0,1673,2021-08-02 23:58:25
525,"RT @Koreaboo: Fans Celebrate As TREASURE‚Äôs Doyoung and Junghwan Make Their First Public Appearance Since COVID-19 Diagnosis

https://t.co/C‚Ä¶",0,2359,2021-08-02 23:58:25
526,"""No more beds left"" at Louisiana's largest hospital as Covid-19 cases surge https://t.co/o7NMG5KRYB",0,1,2021-08-02 23:58:25
527,"RT @AaronParnas: Breaking: Florida is now reporting 10,389 total COVID-19 related hospitalizations. 

This is another new record. #GetVacci‚Ä¶",0,511,2021-08-02 23:58:25
528,RT @JDeanWilliams: Can‚Äôt believe COVID-19 was renewed for season 2.,0,1235,2021-08-02 23:58:25
529,"RT @AnaCabrera: NEW: Kaiser Permanente, one of the nation‚Äôs largest health care providers, will require all of its physicians and employees‚Ä¶",0,3885,2021-08-02 23:58:25
530,RT @cjtjgeol: The latest CDC announcement including by Dr Anthony Fauci confirm that vaxed people spread/transmit the Covid-19 virus as muc‚Ä¶,0,62,2021-08-02 23:58:25
531,"RT @POTUS: We are prepared to deal with the surge in COVID-19 cases like never before.  
 
Unlike a year ago, we have the ability to save l‚Ä¶",0,6686,2021-08-02 23:58:25
532,"RT @SethAbramson: BUSINESS INSIDER: Senator Ron Johnson (R-WI) Would Support Vaccine Mandate for An ""Incredibly Deadly"" Virus‚ÄîBut Not COVID‚Ä¶",0,514,2021-08-02 23:58:25
533,"Obama to host COVID-19-compliant birthday party
Social Security's Hearings and Appeals‚ÄØ 
Joe Biden IRS Tax I've said it several times but now I think that I don't have this I don't have myself I don't live there no more it's right there https://t.co/vfHyfnBWQn",0,0,2021-08-02 23:58:24
534,RT @ChuckCallesto: BREAKING REPORT:  74% of Covid-19 Cases in ‚ÄúCape Cod Cluster Outbreak‚Äù Were Fully Vaccinated...,0,2700,2021-08-02 23:58:24
535,"St. Charles - Team Home St. Charles Spartans Sports https://t.co/tYpxPhJ1rW 
INFORMATION ABOUT COVID-19 FROM CCPS WHICH INCLUDES ATHLETES FOR FALL SPORTS AND CONDITIONING FOR WINTER AND SPRING WORKOUTS
@StCharlesHS @prorndoff @CoachSchubbe @SCHSBaseball @CoachCampbellSC",0,1,2021-08-02 23:58:24
536,"RT @SethAbramson: BUSINESS INSIDER: Senator Ron Johnson (R-WI) Would Support Vaccine Mandate for An ""Incredibly Deadly"" Virus‚ÄîBut Not COVID‚Ä¶",0,514,2021-08-02 23:58:24
537,"RT @Dierenbach: [1/3] Studies like this is how Sweden kept calm while the rest of the world panicked

Study of patients in üá∏üá™ who died w/CO‚Ä¶",0,369,2021-08-02 23:58:24
538,"RT @AnaCabrera: NEW: 168 students and 3 teachers in quarantine after first week of school in Marion, Arkansas due to positive cases and pos‚Ä¶",0,5972,2021-08-02 23:58:24
539,"RT @AnaCabrera: NEW: Kaiser Permanente, one of the nation‚Äôs largest health care providers, will require all of its physicians and employees‚Ä¶",0,3885,2021-08-02 23:58:24
540,"Covid-19 latest updates: U.S. hits Biden‚Äôs vaccination goal a month late, with 70 percent of adults receiving at l‚Ä¶ https://t.co/HBbxl7dK4W",0,0,2021-08-02 23:58:24
541,"RT @mmpadellan: BREAKING: Senator Lindsey Graham has tested positive for COVID-19.

Still testing negative for spine, tho.",0,6425,2021-08-02 23:58:24
542,"RT @tomaskenn: It's wild that while Florida is leading nationwide in Covid-19 cases, hospitalizations, and deaths, Ron Desantis threatens t‚Ä¶",0,217,2021-08-02 23:58:23
543,"RT @WebMD: As public health officials keep track of the contagious Delta variant of COVID-19 across the U.S., the CDC is also watching for‚Ä¶",0,438,2021-08-02 23:58:23
544,RT @Jade_Murray: I need yal to know this is happening here in T&amp;T. A 31-week baby had to be ripped from the mother‚Äôs womb today because she‚Ä¶,0,266,2021-08-02 23:58:23
545,"RT @BNODesk: BREAKING: Number of Americans hospitalized with COVID-19 tops 50,000, highest since February",0,704,2021-08-02 23:58:23
546,"RT @8NEWS: The Delta variant could drive Virginia's coronavirus case count past levels seen during January's peak, but more than 60,000 cas‚Ä¶",0,5,2021-08-02 23:58:23
547,"RT @ITGuy1959: More ‚Äúextremely rare‚Äù breakthrough cases..üëá

https://t.co/3yOhqokulc",0,4,2021-08-02 23:58:23
548,RT @MarkMeadows: Biden and Harris want you to believe we‚Äôre in a COVID-19 emergency while they do nothing to stop this,0,2156,2021-08-02 23:58:23
549,RT @POTUS: This morning I met with members of my COVID-19 response team as we continue to fight the Delta variant surging across the countr‚Ä¶,0,2280,2021-08-02 23:58:23
550,"RT @SethAbramson: BUSINESS INSIDER: Senator Ron Johnson (R-WI) Would Support Vaccine Mandate for An ""Incredibly Deadly"" Virus‚ÄîBut Not COVID‚Ä¶",0,514,2021-08-02 23:58:23
551,RT @LoosaNoosa: @aclennell @GladysB @BradHazzard Concerns grow over high numbers of Queensland children infected with COVID-19 - RN Breakfa‚Ä¶,0,6,2021-08-02 23:58:23
552,"Yukon reports another COVID-19 death, and 7 new cases https://t.co/foFIhR2mWi https://t.co/yPIC3RtelK",2,1,2021-08-02 23:58:22
553,"RT @mmpadellan: BREAKING: Senator Lindsey Graham has tested positive for COVID-19.

Still testing negative for spine, tho.",0,6425,2021-08-02 23:58:22
554,"RT @ImSpeaking13: I think Marjorie Taylor Greene is immune to COVID-19, but distemper is a real concern.",0,503,2021-08-02 23:58:22
